# probe suite jeep course terrain, generated by harness/make_assets.py
# 26 by 106 grid, 0.80 m spacing, y is up
v -10.0000 0.0000 -8.0000
v -10.0000 0.0000 -7.2000
v -10.0000 0.0000 -6.4000
v -10.0000 0.0000 -5.6000
v -10.0000 0.0000 -4.8000
v -10.0000 0.0000 -4.0000
v -10.0000 0.0000 -3.2000
v -10.0000 0.0000 -2.4000
v -10.0000 0.0000 -1.6000
v -10.0000 0.0000 -0.8000
v -10.0000 0.0000 0.0000
v -10.0000 0.0000 0.8000
v -10.0000 0.0000 1.6000
v -10.0000 0.0000 2.4000
v -10.0000 0.0000 3.2000
v -10.0000 0.0000 4.0000
v -10.0000 0.0000 4.8000
v -10.0000 0.0000 5.6000
v -10.0000 0.0000 6.4000
v -10.0000 0.0000 7.2000
v -10.0000 0.0000 8.0000
v -10.0000 0.0000 8.8000
v -10.0000 0.0000 9.6000
v -10.0000 0.0000 10.4000
v -10.0000 0.0000 11.2000
v -10.0000 0.0000 12.0000
v -10.0000 -0.0776 12.8000
v -10.0000 -0.0471 13.6000
v -10.0000 -0.0184 14.4000
v -10.0000 0.0074 15.2000
v -10.0000 0.0296 16.0000
v -10.0000 0.0476 16.8000
v -10.0000 0.0607 17.6000
v -10.0000 0.0685 18.4000
v -10.0000 0.0709 19.2000
v -10.0000 0.0677 20.0000
v -10.0000 0.0590 20.8000
v -10.0000 0.0452 21.6000
v -10.0000 0.0265 22.4000
v -10.0000 0.0037 23.2000
v -10.0000 -0.0226 24.0000
v -10.0000 -0.0515 24.8000
v -10.0000 -0.0823 25.6000
v -10.0000 -0.0960 26.4000
v -10.0000 0.0003 27.2000
v -10.0000 0.1873 28.0000
v -10.0000 0.4262 28.8000
v -10.0000 0.6780 29.6000
v -10.0000 0.9036 30.4000
v -10.0000 1.0639 31.2000
v -10.0000 1.1196 32.0000
v -10.0000 1.0445 32.8000
v -10.0000 0.8655 33.6000
v -10.0000 0.6223 34.4000
v -10.0000 0.3546 35.2000
v -10.0000 0.1021 36.0000
v -10.0000 -0.0960 36.8000
v -10.0000 -0.2004 37.6000
v -10.0000 -0.1915 38.4000
v -10.0000 -0.1622 39.2000
v -10.0000 -0.1312 40.0000
v -10.0000 -0.0996 40.8000
v -10.0000 -0.0683 41.6000
v -10.0000 -0.0382 42.4000
v -10.0000 -0.0103 43.2000
v -10.0000 0.0145 44.0000
v -10.0000 0.0355 44.8000
v -10.0000 0.0520 45.6000
v -10.0000 0.0636 46.4000
v -10.0000 0.0698 47.2000
v -10.0000 -0.0295 48.0000
v -10.0000 -0.0344 48.8000
v -10.0000 -0.0446 49.6000
v -10.0000 -0.0599 50.4000
v -10.0000 -0.0799 51.2000
v -10.0000 -0.1038 52.0000
v -10.0000 -0.1310 52.8000
v -10.0000 -0.1606 53.6000
v -10.0000 -0.1917 54.4000
v -10.0000 -0.2234 55.2000
v -10.0000 -0.2546 56.0000
v -10.0000 -0.2844 56.8000
v -10.0000 -0.3118 57.6000
v -10.0000 -0.3361 58.4000
v -10.0000 -0.3565 59.2000
v -10.0000 -0.3723 60.0000
v -10.0000 -0.3831 60.8000
v -10.0000 -0.3885 61.6000
v -10.0000 -0.2883 62.4000
v -10.0000 -0.2827 63.2000
v -10.0000 -0.2716 64.0000
v -10.0000 -0.2556 64.8000
v -10.0000 -0.2350 65.6000
v -10.0000 -0.2105 66.4000
v -10.0000 -0.1829 67.2000
v -10.0000 -0.1530 68.0000
v -10.0000 -0.1218 68.8000
v -10.0000 -0.0901 69.6000
v -10.0000 -0.0591 70.4000
v -10.0000 -0.0296 71.2000
v -10.0000 -0.0025 72.0000
v -10.0000 0.0212 72.8000
v -10.0000 0.0409 73.6000
v -10.0000 0.0560 74.4000
v -10.0000 0.0660 75.2000
v -10.0000 0.0706 76.0000
v -9.2000 0.0000 -8.0000
v -9.2000 0.0000 -7.2000
v -9.2000 0.0000 -6.4000
v -9.2000 0.0000 -5.6000
v -9.2000 0.0000 -4.8000
v -9.2000 0.0000 -4.0000
v -9.2000 0.0000 -3.2000
v -9.2000 0.0000 -2.4000
v -9.2000 0.0000 -1.6000
v -9.2000 0.0000 -0.8000
v -9.2000 0.0000 0.0000
v -9.2000 0.0000 0.8000
v -9.2000 0.0000 1.6000
v -9.2000 0.0000 2.4000
v -9.2000 0.0000 3.2000
v -9.2000 0.0000 4.0000
v -9.2000 0.0000 4.8000
v -9.2000 0.0000 5.6000
v -9.2000 0.0000 6.4000
v -9.2000 0.0000 7.2000
v -9.2000 0.0000 8.0000
v -9.2000 0.0000 8.8000
v -9.2000 0.0000 9.6000
v -9.2000 0.0000 10.4000
v -9.2000 0.0000 11.2000
v -9.2000 0.0000 12.0000
v -9.2000 -0.0865 12.8000
v -9.2000 -0.0560 13.6000
v -9.2000 -0.0274 14.4000
v -9.2000 -0.0015 15.2000
v -9.2000 0.0207 16.0000
v -9.2000 0.0386 16.8000
v -9.2000 0.0517 17.6000
v -9.2000 0.0596 18.4000
v -9.2000 0.0619 19.2000
v -9.2000 0.0588 20.0000
v -9.2000 0.0501 20.8000
v -9.2000 0.0362 21.6000
v -9.2000 0.0176 22.4000
v -9.2000 -0.0052 23.2000
v -9.2000 -0.0315 24.0000
v -9.2000 -0.0605 24.8000
v -9.2000 -0.0912 25.6000
v -9.2000 -0.1050 26.4000
v -9.2000 -0.0086 27.2000
v -9.2000 0.1784 28.0000
v -9.2000 0.4173 28.8000
v -9.2000 0.6691 29.6000
v -9.2000 0.8947 30.4000
v -9.2000 1.0550 31.2000
v -9.2000 1.1107 32.0000
v -9.2000 1.0356 32.8000
v -9.2000 0.8565 33.6000
v -9.2000 0.6133 34.4000
v -9.2000 0.3457 35.2000
v -9.2000 0.0932 36.0000
v -9.2000 -0.1049 36.8000
v -9.2000 -0.2093 37.6000
v -9.2000 -0.2004 38.4000
v -9.2000 -0.1711 39.2000
v -9.2000 -0.1402 40.0000
v -9.2000 -0.1085 40.8000
v -9.2000 -0.0772 41.6000
v -9.2000 -0.0471 42.4000
v -9.2000 -0.0193 43.2000
v -9.2000 0.0056 44.0000
v -9.2000 0.0266 44.8000
v -9.2000 0.0431 45.6000
v -9.2000 0.0547 46.4000
v -9.2000 0.0609 47.2000
v -9.2000 0.0416 48.0000
v -9.2000 0.0367 48.8000
v -9.2000 0.0265 49.6000
v -9.2000 0.0111 50.4000
v -9.2000 -0.0088 51.2000
v -9.2000 -0.0328 52.0000
v -9.2000 -0.0599 52.8000
v -9.2000 -0.0895 53.6000
v -9.2000 -0.1206 54.4000
v -9.2000 -0.1523 55.2000
v -9.2000 -0.1835 56.0000
v -9.2000 -0.2133 56.8000
v -9.2000 -0.2407 57.6000
v -9.2000 -0.2650 58.4000
v -9.2000 -0.2854 59.2000
v -9.2000 -0.3012 60.0000
v -9.2000 -0.3120 60.8000
v -9.2000 -0.3174 61.6000
v -9.2000 -0.2973 62.4000
v -9.2000 -0.2916 63.2000
v -9.2000 -0.2805 64.0000
v -9.2000 -0.2645 64.8000
v -9.2000 -0.2439 65.6000
v -9.2000 -0.2194 66.4000
v -9.2000 -0.1918 67.2000
v -9.2000 -0.1619 68.0000
v -9.2000 -0.1307 68.8000
v -9.2000 -0.0991 69.6000
v -9.2000 -0.0680 70.4000
v -9.2000 -0.0385 71.2000
v -9.2000 -0.0115 72.0000
v -9.2000 0.0123 72.8000
v -9.2000 0.0320 73.6000
v -9.2000 0.0471 74.4000
v -9.2000 0.0571 75.2000
v -9.2000 0.0617 76.0000
v -8.4000 0.0000 -8.0000
v -8.4000 0.0000 -7.2000
v -8.4000 0.0000 -6.4000
v -8.4000 0.0000 -5.6000
v -8.4000 0.0000 -4.8000
v -8.4000 0.0000 -4.0000
v -8.4000 0.0000 -3.2000
v -8.4000 0.0000 -2.4000
v -8.4000 0.0000 -1.6000
v -8.4000 0.0000 -0.8000
v -8.4000 0.0000 0.0000
v -8.4000 0.0000 0.8000
v -8.4000 0.0000 1.6000
v -8.4000 0.0000 2.4000
v -8.4000 0.0000 3.2000
v -8.4000 0.0000 4.0000
v -8.4000 0.0000 4.8000
v -8.4000 0.0000 5.6000
v -8.4000 0.0000 6.4000
v -8.4000 0.0000 7.2000
v -8.4000 0.0000 8.0000
v -8.4000 0.0000 8.8000
v -8.4000 0.0000 9.6000
v -8.4000 0.0000 10.4000
v -8.4000 0.0000 11.2000
v -8.4000 0.0000 12.0000
v -8.4000 -0.0882 12.8000
v -8.4000 -0.0577 13.6000
v -8.4000 -0.0290 14.4000
v -8.4000 -0.0032 15.2000
v -8.4000 0.0190 16.0000
v -8.4000 0.0369 16.8000
v -8.4000 0.0500 17.6000
v -8.4000 0.0579 18.4000
v -8.4000 0.0603 19.2000
v -8.4000 0.0571 20.0000
v -8.4000 0.0484 20.8000
v -8.4000 0.0345 21.6000
v -8.4000 0.0159 22.4000
v -8.4000 -0.0069 23.2000
v -8.4000 -0.0332 24.0000
v -8.4000 -0.0622 24.8000
v -8.4000 -0.0929 25.6000
v -8.4000 -0.1066 26.4000
v -8.4000 -0.0103 27.2000
v -8.4000 0.1767 28.0000
v -8.4000 0.4156 28.8000
v -8.4000 0.6674 29.6000
v -8.4000 0.8930 30.4000
v -8.4000 1.0533 31.2000
v -8.4000 1.1090 32.0000
v -8.4000 1.0339 32.8000
v -8.4000 0.8548 33.6000
v -8.4000 0.6116 34.4000
v -8.4000 0.3440 35.2000
v -8.4000 0.0915 36.0000
v -8.4000 -0.1066 36.8000
v -8.4000 -0.2110 37.6000
v -8.4000 -0.2021 38.4000
v -8.4000 -0.1728 39.2000
v -8.4000 -0.1418 40.0000
v -8.4000 -0.1102 40.8000
v -8.4000 -0.0789 41.6000
v -8.4000 -0.0488 42.4000
v -8.4000 -0.0210 43.2000
v -8.4000 0.0039 44.0000
v -8.4000 0.0249 44.8000
v -8.4000 0.0414 45.6000
v -8.4000 0.0530 46.4000
v -8.4000 0.0592 47.2000
v -8.4000 0.1199 48.0000
v -8.4000 0.1150 48.8000
v -8.4000 0.1048 49.6000
v -8.4000 0.0894 50.4000
v -8.4000 0.0695 51.2000
v -8.4000 0.0456 52.0000
v -8.4000 0.0184 52.8000
v -8.4000 -0.0112 53.6000
v -8.4000 -0.0423 54.4000
v -8.4000 -0.0740 55.2000
v -8.4000 -0.1052 56.0000
v -8.4000 -0.1350 56.8000
v -8.4000 -0.1624 57.6000
v -8.4000 -0.1867 58.4000
v -8.4000 -0.2071 59.2000
v -8.4000 -0.2229 60.0000
v -8.4000 -0.2337 60.8000
v -8.4000 -0.2391 61.6000
v -8.4000 -0.2990 62.4000
v -8.4000 -0.2933 63.2000
v -8.4000 -0.2822 64.0000
v -8.4000 -0.2662 64.8000
v -8.4000 -0.2456 65.6000
v -8.4000 -0.2211 66.4000
v -8.4000 -0.1935 67.2000
v -8.4000 -0.1636 68.0000
v -8.4000 -0.1324 68.8000
v -8.4000 -0.1008 69.6000
v -8.4000 -0.0697 70.4000
v -8.4000 -0.0402 71.2000
v -8.4000 -0.0132 72.0000
v -8.4000 0.0106 72.8000
v -8.4000 0.0303 73.6000
v -8.4000 0.0454 74.4000
v -8.4000 0.0554 75.2000
v -8.4000 0.0600 76.0000
v -7.6000 0.0000 -8.0000
v -7.6000 0.0000 -7.2000
v -7.6000 0.0000 -6.4000
v -7.6000 0.0000 -5.6000
v -7.6000 0.0000 -4.8000
v -7.6000 0.0000 -4.0000
v -7.6000 0.0000 -3.2000
v -7.6000 0.0000 -2.4000
v -7.6000 0.0000 -1.6000
v -7.6000 0.0000 -0.8000
v -7.6000 0.0000 0.0000
v -7.6000 0.0000 0.8000
v -7.6000 0.0000 1.6000
v -7.6000 0.0000 2.4000
v -7.6000 0.0000 3.2000
v -7.6000 0.0000 4.0000
v -7.6000 0.0000 4.8000
v -7.6000 0.0000 5.6000
v -7.6000 0.0000 6.4000
v -7.6000 0.0000 7.2000
v -7.6000 0.0000 8.0000
v -7.6000 0.0000 8.8000
v -7.6000 0.0000 9.6000
v -7.6000 0.0000 10.4000
v -7.6000 0.0000 11.2000
v -7.6000 0.0000 12.0000
v -7.6000 -0.0826 12.8000
v -7.6000 -0.0520 13.6000
v -7.6000 -0.0234 14.4000
v -7.6000 0.0024 15.2000
v -7.6000 0.0246 16.0000
v -7.6000 0.0426 16.8000
v -7.6000 0.0557 17.6000
v -7.6000 0.0635 18.4000
v -7.6000 0.0659 19.2000
v -7.6000 0.0627 20.0000
v -7.6000 0.0540 20.8000
v -7.6000 0.0402 21.6000
v -7.6000 0.0216 22.4000
v -7.6000 -0.0013 23.2000
v -7.6000 -0.0276 24.0000
v -7.6000 -0.0565 24.8000
v -7.6000 -0.0873 25.6000
v -7.6000 -0.1010 26.4000
v -7.6000 -0.0047 27.2000
v -7.6000 0.1824 28.0000
v -7.6000 0.4212 28.8000
v -7.6000 0.6730 29.6000
v -7.6000 0.8986 30.4000
v -7.6000 1.0589 31.2000
v -7.6000 1.1146 32.0000
v -7.6000 1.0395 32.8000
v -7.6000 0.8605 33.6000
v -7.6000 0.6173 34.4000
v -7.6000 0.3496 35.2000
v -7.6000 0.0971 36.0000
v -7.6000 -0.1010 36.8000
v -7.6000 -0.2054 37.6000
v -7.6000 -0.1965 38.4000
v -7.6000 -0.1672 39.2000
v -7.6000 -0.1362 40.0000
v -7.6000 -0.1046 40.8000
v -7.6000 -0.0733 41.6000
v -7.6000 -0.0432 42.4000
v -7.6000 -0.0153 43.2000
v -7.6000 0.0095 44.0000
v -7.6000 0.0305 44.8000
v -7.6000 0.0470 45.6000
v -7.6000 0.0586 46.4000
v -7.6000 0.0648 47.2000
v -7.6000 0.2055 48.0000
v -7.6000 0.2007 48.8000
v -7.6000 0.1904 49.6000
v -7.6000 0.1751 50.4000
v -7.6000 0.1551 51.2000
v -7.6000 0.1312 52.0000
v -7.6000 0.1040 52.8000
v -7.6000 0.0744 53.6000
v -7.6000 0.0433 54.4000
v -7.6000 0.0117 55.2000
v -7.6000 -0.0195 56.0000
v -7.6000 -0.0493 56.8000
v -7.6000 -0.0768 57.6000
v -7.6000 -0.1011 58.4000
v -7.6000 -0.1215 59.2000
v -7.6000 -0.1373 60.0000
v -7.6000 -0.1481 60.8000
v -7.6000 -0.1535 61.6000
v -7.6000 -0.2933 62.4000
v -7.6000 -0.2877 63.2000
v -7.6000 -0.2766 64.0000
v -7.6000 -0.2606 64.8000
v -7.6000 -0.2400 65.6000
v -7.6000 -0.2155 66.4000
v -7.6000 -0.1879 67.2000
v -7.6000 -0.1580 68.0000
v -7.6000 -0.1268 68.8000
v -7.6000 -0.0951 69.6000
v -7.6000 -0.0641 70.4000
v -7.6000 -0.0346 71.2000
v -7.6000 -0.0075 72.0000
v -7.6000 0.0162 72.8000
v -7.6000 0.0359 73.6000
v -7.6000 0.0510 74.4000
v -7.6000 0.0610 75.2000
v -7.6000 0.0656 76.0000
v -6.8000 0.0000 -8.0000
v -6.8000 0.0000 -7.2000
v -6.8000 0.0000 -6.4000
v -6.8000 0.0000 -5.6000
v -6.8000 0.0000 -4.8000
v -6.8000 0.0000 -4.0000
v -6.8000 0.0000 -3.2000
v -6.8000 0.0000 -2.4000
v -6.8000 0.0000 -1.6000
v -6.8000 0.0000 -0.8000
v -6.8000 0.0000 0.0000
v -6.8000 0.0000 0.8000
v -6.8000 0.0000 1.6000
v -6.8000 0.0000 2.4000
v -6.8000 0.0000 3.2000
v -6.8000 0.0000 4.0000
v -6.8000 0.0000 4.8000
v -6.8000 0.0000 5.6000
v -6.8000 0.0000 6.4000
v -6.8000 0.0000 7.2000
v -6.8000 0.0000 8.0000
v -6.8000 0.0000 8.8000
v -6.8000 0.0000 9.6000
v -6.8000 0.0000 10.4000
v -6.8000 0.0000 11.2000
v -6.8000 0.0000 12.0000
v -6.8000 -0.0700 12.8000
v -6.8000 -0.0394 13.6000
v -6.8000 -0.0108 14.4000
v -6.8000 0.0150 15.2000
v -6.8000 0.0372 16.0000
v -6.8000 0.0552 16.8000
v -6.8000 0.0683 17.6000
v -6.8000 0.0761 18.4000
v -6.8000 0.0785 19.2000
v -6.8000 0.0753 20.0000
v -6.8000 0.0666 20.8000
v -6.8000 0.0528 21.6000
v -6.8000 0.0342 22.4000
v -6.8000 0.0114 23.2000
v -6.8000 -0.0149 24.0000
v -6.8000 -0.0439 24.8000
v -6.8000 -0.0747 25.6000
v -6.8000 -0.0884 26.4000
v -6.8000 0.0079 27.2000
v -6.8000 0.1950 28.0000
v -6.8000 0.4339 28.8000
v -6.8000 0.6856 29.6000
v -6.8000 0.9112 30.4000
v -6.8000 1.0715 31.2000
v -6.8000 1.1272 32.0000
v -6.8000 1.0521 32.8000
v -6.8000 0.8731 33.6000
v -6.8000 0.6299 34.4000
v -6.8000 0.3622 35.2000
v -6.8000 0.1097 36.0000
v -6.8000 -0.0884 36.8000
v -6.8000 -0.1928 37.6000
v -6.8000 -0.1838 38.4000
v -6.8000 -0.1545 39.2000
v -6.8000 -0.1236 40.0000
v -6.8000 -0.0920 40.8000
v -6.8000 -0.0607 41.6000
v -6.8000 -0.0306 42.4000
v -6.8000 -0.0027 43.2000
v -6.8000 0.0221 44.0000
v -6.8000 0.0431 44.8000
v -6.8000 0.0596 45.6000
v -6.8000 0.0712 46.4000
v -6.8000 0.0774 47.2000
v -6.8000 0.2981 48.0000
v -6.8000 0.2933 48.8000
v -6.8000 0.2830 49.6000
v -6.8000 0.2677 50.4000
v -6.8000 0.2477 51.2000
v -6.8000 0.2238 52.0000
v -6.8000 0.1966 52.8000
v -6.8000 0.1670 53.6000
v -6.8000 0.1359 54.4000
v -6.8000 0.1043 55.2000
v -6.8000 0.0731 56.0000
v -6.8000 0.0433 56.8000
v -6.8000 0.0158 57.6000
v -6.8000 -0.0085 58.4000
v -6.8000 -0.0289 59.2000
v -6.8000 -0.0447 60.0000
v -6.8000 -0.0555 60.8000
v -6.8000 -0.0609 61.6000
v -6.8000 -0.2807 62.4000
v -6.8000 -0.2750 63.2000
v -6.8000 -0.2640 64.0000
v -6.8000 -0.2479 64.8000
v -6.8000 -0.2274 65.6000
v -6.8000 -0.2029 66.4000
v -6.8000 -0.1753 67.2000
v -6.8000 -0.1454 68.0000
v -6.8000 -0.1141 68.8000
v -6.8000 -0.0825 69.6000
v -6.8000 -0.0515 70.4000
v -6.8000 -0.0220 71.2000
v -6.8000 0.0051 72.0000
v -6.8000 0.0288 72.8000
v -6.8000 0.0486 73.6000
v -6.8000 0.0636 74.4000
v -6.8000 0.0736 75.2000
v -6.8000 0.0782 76.0000
v -6.0000 0.0000 -8.0000
v -6.0000 0.0000 -7.2000
v -6.0000 0.0000 -6.4000
v -6.0000 0.0000 -5.6000
v -6.0000 0.0000 -4.8000
v -6.0000 0.0000 -4.0000
v -6.0000 0.0000 -3.2000
v -6.0000 0.0000 -2.4000
v -6.0000 0.0000 -1.6000
v -6.0000 0.0000 -0.8000
v -6.0000 0.0000 0.0000
v -6.0000 0.0000 0.8000
v -6.0000 0.0000 1.6000
v -6.0000 0.0000 2.4000
v -6.0000 0.0000 3.2000
v -6.0000 0.0000 4.0000
v -6.0000 0.0000 4.8000
v -6.0000 0.0000 5.6000
v -6.0000 0.0000 6.4000
v -6.0000 0.0000 7.2000
v -6.0000 0.0000 8.0000
v -6.0000 0.0000 8.8000
v -6.0000 0.0000 9.6000
v -6.0000 0.0000 10.4000
v -6.0000 0.0000 11.2000
v -6.0000 0.0000 12.0000
v -6.0000 -0.0512 12.8000
v -6.0000 -0.0206 13.6000
v -6.0000 0.0080 14.4000
v -6.0000 0.0338 15.2000
v -6.0000 0.0561 16.0000
v -6.0000 0.0740 16.8000
v -6.0000 0.0871 17.6000
v -6.0000 0.0949 18.4000
v -6.0000 0.0973 19.2000
v -6.0000 0.0941 20.0000
v -6.0000 0.0855 20.8000
v -6.0000 0.0716 21.6000
v -6.0000 0.0530 22.4000
v -6.0000 0.0302 23.2000
v -6.0000 0.0039 24.0000
v -6.0000 -0.0251 24.8000
v -6.0000 -0.0558 25.6000
v -6.0000 -0.0696 26.4000
v -6.0000 0.0267 27.2000
v -6.0000 0.2138 28.0000
v -6.0000 0.4527 28.8000
v -6.0000 0.7044 29.6000
v -6.0000 0.9300 30.4000
v -6.0000 1.0903 31.2000
v -6.0000 1.1460 32.0000
v -6.0000 1.0710 32.8000
v -6.0000 0.8919 33.6000
v -6.0000 0.6487 34.4000
v -6.0000 0.3811 35.2000
v -6.0000 0.1285 36.0000
v -6.0000 -0.0696 36.8000
v -6.0000 -0.1739 37.6000
v -6.0000 -0.1650 38.4000
v -6.0000 -0.1357 39.2000
v -6.0000 -0.1048 40.0000
v -6.0000 -0.0732 40.8000
v -6.0000 -0.0418 41.6000
v -6.0000 -0.0118 42.4000
v -6.0000 0.0161 43.2000
v -6.0000 0.0409 44.0000
v -6.0000 0.0619 44.8000
v -6.0000 0.0785 45.6000
v -6.0000 0.0900 46.4000
v -6.0000 0.0962 47.2000
v -6.0000 0.3969 48.0000
v -6.0000 0.3921 48.8000
v -6.0000 0.3818 49.6000
v -6.0000 0.3665 50.4000
v -6.0000 0.3466 51.2000
v -6.0000 0.3226 52.0000
v -6.0000 0.2954 52.8000
v -6.0000 0.2658 53.6000
v -6.0000 0.2347 54.4000
v -6.0000 0.2031 55.2000
v -6.0000 0.1719 56.0000
v -6.0000 0.1421 56.8000
v -6.0000 0.1146 57.6000
v -6.0000 0.0903 58.4000
v -6.0000 0.0700 59.2000
v -6.0000 0.0541 60.0000
v -6.0000 0.0434 60.8000
v -6.0000 0.0380 61.6000
v -6.0000 -0.2619 62.4000
v -6.0000 -0.2562 63.2000
v -6.0000 -0.2452 64.0000
v -6.0000 -0.2291 64.8000
v -6.0000 -0.2085 65.6000
v -6.0000 -0.1841 66.4000
v -6.0000 -0.1565 67.2000
v -6.0000 -0.1266 68.0000
v -6.0000 -0.0953 68.8000
v -6.0000 -0.0637 69.6000
v -6.0000 -0.0326 70.4000
v -6.0000 -0.0031 71.2000
v -6.0000 0.0239 72.0000
v -6.0000 0.0477 72.8000
v -6.0000 0.0674 73.6000
v -6.0000 0.0825 74.4000
v -6.0000 0.0925 75.2000
v -6.0000 0.0970 76.0000
v -5.2000 0.0000 -8.0000
v -5.2000 0.0000 -7.2000
v -5.2000 0.0000 -6.4000
v -5.2000 0.0000 -5.6000
v -5.2000 0.0000 -4.8000
v -5.2000 0.0000 -4.0000
v -5.2000 0.0000 -3.2000
v -5.2000 0.0000 -2.4000
v -5.2000 0.0000 -1.6000
v -5.2000 0.0000 -0.8000
v -5.2000 0.0000 0.0000
v -5.2000 0.0000 0.8000
v -5.2000 0.0000 1.6000
v -5.2000 0.0000 2.4000
v -5.2000 0.0000 3.2000
v -5.2000 0.0000 4.0000
v -5.2000 0.0000 4.8000
v -5.2000 0.0000 5.6000
v -5.2000 0.0000 6.4000
v -5.2000 0.0000 7.2000
v -5.2000 0.0000 8.0000
v -5.2000 0.0000 8.8000
v -5.2000 0.0000 9.6000
v -5.2000 0.0000 10.4000
v -5.2000 0.0000 11.2000
v -5.2000 0.0000 12.0000
v -5.2000 -0.0273 12.8000
v -5.2000 0.0033 13.6000
v -5.2000 0.0319 14.4000
v -5.2000 0.0577 15.2000
v -5.2000 0.0799 16.0000
v -5.2000 0.0979 16.8000
v -5.2000 0.1110 17.6000
v -5.2000 0.1188 18.4000
v -5.2000 0.1212 19.2000
v -5.2000 0.1180 20.0000
v -5.2000 0.1093 20.8000
v -5.2000 0.0955 21.6000
v -5.2000 0.0769 22.4000
v -5.2000 0.0541 23.2000
v -5.2000 0.0278 24.0000
v -5.2000 -0.0012 24.8000
v -5.2000 -0.0320 25.6000
v -5.2000 -0.0457 26.4000
v -5.2000 0.0506 27.2000
v -5.2000 0.2377 28.0000
v -5.2000 0.4766 28.8000
v -5.2000 0.7283 29.6000
v -5.2000 0.9539 30.4000
v -5.2000 1.1142 31.2000
v -5.2000 1.1699 32.0000
v -5.2000 1.0949 32.8000
v -5.2000 0.9158 33.6000
v -5.2000 0.6726 34.4000
v -5.2000 0.4049 35.2000
v -5.2000 0.1524 36.0000
v -5.2000 -0.0457 36.8000
v -5.2000 -0.1501 37.6000
v -5.2000 -0.1411 38.4000
v -5.2000 -0.1118 39.2000
v -5.2000 -0.0809 40.0000
v -5.2000 -0.0493 40.8000
v -5.2000 -0.0180 41.6000
v -5.2000 0.0121 42.4000
v -5.2000 0.0400 43.2000
v -5.2000 0.0648 44.0000
v -5.2000 0.0858 44.8000
v -5.2000 0.1023 45.6000
v -5.2000 0.1139 46.4000
v -5.2000 0.1201 47.2000
v -5.2000 0.5008 48.0000
v -5.2000 0.4960 48.8000
v -5.2000 0.4857 49.6000
v -5.2000 0.4704 50.4000
v -5.2000 0.4504 51.2000
v -5.2000 0.4265 52.0000
v -5.2000 0.3993 52.8000
v -5.2000 0.3697 53.6000
v -5.2000 0.3386 54.4000
v -5.2000 0.3070 55.2000
v -5.2000 0.2758 56.0000
v -5.2000 0.2460 56.8000
v -5.2000 0.2185 57.6000
v -5.2000 0.1942 58.4000
v -5.2000 0.1738 59.2000
v -5.2000 0.1580 60.0000
v -5.2000 0.1472 60.8000
v -5.2000 0.1418 61.6000
v -5.2000 -0.2380 62.4000
v -5.2000 -0.2323 63.2000
v -5.2000 -0.2213 64.0000
v -5.2000 -0.2052 64.8000
v -5.2000 -0.1847 65.6000
v -5.2000 -0.1602 66.4000
v -5.2000 -0.1326 67.2000
v -5.2000 -0.1027 68.0000
v -5.2000 -0.0714 68.8000
v -5.2000 -0.0398 69.6000
v -5.2000 -0.0088 70.4000
v -5.2000 0.0207 71.2000
v -5.2000 0.0478 72.0000
v -5.2000 0.0715 72.8000
v -5.2000 0.0913 73.6000
v -5.2000 0.1064 74.4000
v -5.2000 0.1163 75.2000
v -5.2000 0.1209 76.0000
v -4.4000 0.0000 -8.0000
v -4.4000 0.0000 -7.2000
v -4.4000 0.0000 -6.4000
v -4.4000 0.0000 -5.6000
v -4.4000 0.0000 -4.8000
v -4.4000 0.0000 -4.0000
v -4.4000 0.0000 -3.2000
v -4.4000 0.0000 -2.4000
v -4.4000 0.0000 -1.6000
v -4.4000 0.0000 -0.8000
v -4.4000 0.0000 0.0000
v -4.4000 0.0000 0.8000
v -4.4000 0.0000 1.6000
v -4.4000 0.0000 2.4000
v -4.4000 0.0000 3.2000
v -4.4000 0.0000 4.0000
v -4.4000 0.0000 4.8000
v -4.4000 0.0000 5.6000
v -4.4000 0.0000 6.4000
v -4.4000 0.0000 7.2000
v -4.4000 0.0000 8.0000
v -4.4000 0.0000 8.8000
v -4.4000 0.0000 9.6000
v -4.4000 0.0000 10.4000
v -4.4000 0.0000 11.2000
v -4.4000 0.0000 12.0000
v -4.4000 0.0002 12.8000
v -4.4000 0.0307 13.6000
v -4.4000 0.0594 14.4000
v -4.4000 0.0852 15.2000
v -4.4000 0.1074 16.0000
v -4.4000 0.1254 16.8000
v -4.4000 0.1385 17.6000
v -4.4000 0.1463 18.4000
v -4.4000 0.1487 19.2000
v -4.4000 0.1455 20.0000
v -4.4000 0.1368 20.8000
v -4.4000 0.1230 21.6000
v -4.4000 0.1043 22.4000
v -4.4000 0.0815 23.2000
v -4.4000 0.0552 24.0000
v -4.4000 0.0263 24.8000
v -4.4000 -0.0045 25.6000
v -4.4000 -0.0182 26.4000
v -4.4000 0.0781 27.2000
v -4.4000 0.2652 28.0000
v -4.4000 0.5040 28.8000
v -4.4000 0.7558 29.6000
v -4.4000 0.9814 30.4000
v -4.4000 1.1417 31.2000
v -4.4000 1.1974 32.0000
v -4.4000 1.1223 32.8000
v -4.4000 0.9433 33.6000
v -4.4000 0.7001 34.4000
v -4.4000 0.4324 35.2000
v -4.4000 0.1799 36.0000
v -4.4000 -0.0182 36.8000
v -4.4000 -0.1226 37.6000
v -4.4000 -0.1137 38.4000
v -4.4000 -0.0844 39.2000
v -4.4000 -0.0534 40.0000
v -4.4000 -0.0218 40.8000
v -4.4000 0.0095 41.6000
v -4.4000 0.0396 42.4000
v -4.4000 0.0675 43.2000
v -4.4000 0.0923 44.0000
v -4.4000 0.1133 44.8000
v -4.4000 0.1298 45.6000
v -4.4000 0.1414 46.4000
v -4.4000 0.1476 47.2000
v -4.4000 0.6083 48.0000
v -4.4000 0.6034 48.8000
v -4.4000 0.5932 49.6000
v -4.4000 0.5779 50.4000
v -4.4000 0.5579 51.2000
v -4.4000 0.5340 52.0000
v -4.4000 0.5068 52.8000
v -4.4000 0.4772 53.6000
v -4.4000 0.4461 54.4000
v -4.4000 0.4144 55.2000
v -4.4000 0.3832 56.0000
v -4.4000 0.3535 56.8000
v -4.4000 0.3260 57.6000
v -4.4000 0.3017 58.4000
v -4.4000 0.2813 59.2000
v -4.4000 0.2655 60.0000
v -4.4000 0.2547 60.8000
v -4.4000 0.2493 61.6000
v -4.4000 -0.2105 62.4000
v -4.4000 -0.2049 63.2000
v -4.4000 -0.1938 64.0000
v -4.4000 -0.1778 64.8000
v -4.4000 -0.1572 65.6000
v -4.4000 -0.1327 66.4000
v -4.4000 -0.1051 67.2000
v -4.4000 -0.0752 68.0000
v -4.4000 -0.0440 68.8000
v -4.4000 -0.0123 69.6000
v -4.4000 0.0187 70.4000
v -4.4000 0.0482 71.2000
v -4.4000 0.0753 72.0000
v -4.4000 0.0990 72.8000
v -4.4000 0.1187 73.6000
v -4.4000 0.1338 74.4000
v -4.4000 0.1438 75.2000
v -4.4000 0.1484 76.0000
v -3.6000 0.0000 -8.0000
v -3.6000 0.0000 -7.2000
v -3.6000 0.0000 -6.4000
v -3.6000 0.0000 -5.6000
v -3.6000 0.0000 -4.8000
v -3.6000 0.0000 -4.0000
v -3.6000 0.0000 -3.2000
v -3.6000 0.0000 -2.4000
v -3.6000 0.0000 -1.6000
v -3.6000 0.0000 -0.8000
v -3.6000 0.0000 0.0000
v -3.6000 0.0000 0.8000
v -3.6000 0.0000 1.6000
v -3.6000 0.0000 2.4000
v -3.6000 0.0000 3.2000
v -3.6000 0.0000 4.0000
v -3.6000 0.0000 4.8000
v -3.6000 0.0000 5.6000
v -3.6000 0.0000 6.4000
v -3.6000 0.0000 7.2000
v -3.6000 0.0000 8.0000
v -3.6000 0.0000 8.8000
v -3.6000 0.0000 9.6000
v -3.6000 0.0000 10.4000
v -3.6000 0.0000 11.2000
v -3.6000 0.0000 12.0000
v -3.6000 0.0296 12.8000
v -3.6000 0.0601 13.6000
v -3.6000 0.0888 14.4000
v -3.6000 0.1146 15.2000
v -3.6000 0.1368 16.0000
v -3.6000 0.1548 16.8000
v -3.6000 0.1678 17.6000
v -3.6000 0.1757 18.4000
v -3.6000 0.1781 19.2000
v -3.6000 0.1749 20.0000
v -3.6000 0.1662 20.8000
v -3.6000 0.1524 21.6000
v -3.6000 0.1337 22.4000
v -3.6000 0.1109 23.2000
v -3.6000 0.0846 24.0000
v -3.6000 0.0557 24.8000
v -3.6000 0.0249 25.6000
v -3.6000 0.0112 26.4000
v -3.6000 0.1075 27.2000
v -3.6000 0.2945 28.0000
v -3.6000 0.5334 28.8000
v -3.6000 0.7852 29.6000
v -3.6000 1.0108 30.4000
v -3.6000 1.1711 31.2000
v -3.6000 1.2268 32.0000
v -3.6000 1.1517 32.8000
v -3.6000 0.9727 33.6000
v -3.6000 0.7294 34.4000
v -3.6000 0.4618 35.2000
v -3.6000 0.2093 36.0000
v -3.6000 0.0112 36.8000
v -3.6000 -0.0932 37.6000
v -3.6000 -0.0843 38.4000
v -3.6000 -0.0550 39.2000
v -3.6000 -0.0240 40.0000
v -3.6000 0.0076 40.8000
v -3.6000 0.0389 41.6000
v -3.6000 0.0690 42.4000
v -3.6000 0.0968 43.2000
v -3.6000 0.1217 44.0000
v -3.6000 0.1427 44.8000
v -3.6000 0.1592 45.6000
v -3.6000 0.1708 46.4000
v -3.6000 0.1770 47.2000
v -3.6000 0.7177 48.0000
v -3.6000 0.7128 48.8000
v -3.6000 0.7026 49.6000
v -3.6000 0.6872 50.4000
v -3.6000 0.6673 51.2000
v -3.6000 0.6434 52.0000
v -3.6000 0.6162 52.8000
v -3.6000 0.5866 53.6000
v -3.6000 0.5555 54.4000
v -3.6000 0.5238 55.2000
v -3.6000 0.4926 56.0000
v -3.6000 0.4628 56.8000
v -3.6000 0.4354 57.6000
v -3.6000 0.4111 58.4000
v -3.6000 0.3907 59.2000
v -3.6000 0.3749 60.0000
v -3.6000 0.3641 60.8000
v -3.6000 0.3587 61.6000
v -3.6000 -0.1812 62.4000
v -3.6000 -0.1755 63.2000
v -3.6000 -0.1644 64.0000
v -3.6000 -0.1484 64.8000
v -3.6000 -0.1278 65.6000
v -3.6000 -0.1033 66.4000
v -3.6000 -0.0757 67.2000
v -3.6000 -0.0458 68.0000
v -3.6000 -0.0146 68.8000
v -3.6000 0.0171 69.6000
v -3.6000 0.0481 70.4000
v -3.6000 0.0776 71.2000
v -3.6000 0.1047 72.0000
v -3.6000 0.1284 72.8000
v -3.6000 0.1481 73.6000
v -3.6000 0.1632 74.4000
v -3.6000 0.1732 75.2000
v -3.6000 0.1778 76.0000
v -2.8000 0.0000 -8.0000
v -2.8000 0.0000 -7.2000
v -2.8000 0.0000 -6.4000
v -2.8000 0.0000 -5.6000
v -2.8000 0.0000 -4.8000
v -2.8000 0.0000 -4.0000
v -2.8000 0.0000 -3.2000
v -2.8000 0.0000 -2.4000
v -2.8000 0.0000 -1.6000
v -2.8000 0.0000 -0.8000
v -2.8000 0.0000 0.0000
v -2.8000 0.0000 0.8000
v -2.8000 0.0000 1.6000
v -2.8000 0.0000 2.4000
v -2.8000 0.0000 3.2000
v -2.8000 0.0000 4.0000
v -2.8000 0.0000 4.8000
v -2.8000 0.0000 5.6000
v -2.8000 0.0000 6.4000
v -2.8000 0.0000 7.2000
v -2.8000 0.0000 8.0000
v -2.8000 0.0000 8.8000
v -2.8000 0.0000 9.6000
v -2.8000 0.0000 10.4000
v -2.8000 0.0000 11.2000
v -2.8000 0.0000 12.0000
v -2.8000 0.0591 12.8000
v -2.8000 0.0897 13.6000
v -2.8000 0.1183 14.4000
v -2.8000 0.1441 15.2000
v -2.8000 0.1663 16.0000
v -2.8000 0.1843 16.8000
v -2.8000 0.1974 17.6000
v -2.8000 0.2052 18.4000
v -2.8000 0.2076 19.2000
v -2.8000 0.2044 20.0000
v -2.8000 0.1957 20.8000
v -2.8000 0.1819 21.6000
v -2.8000 0.1632 22.4000
v -2.8000 0.1404 23.2000
v -2.8000 0.1141 24.0000
v -2.8000 0.0852 24.8000
v -2.8000 0.0544 25.6000
v -2.8000 0.0407 26.4000
v -2.8000 0.1370 27.2000
v -2.8000 0.3241 28.0000
v -2.8000 0.5629 28.8000
v -2.8000 0.8147 29.6000
v -2.8000 1.0403 30.4000
v -2.8000 1.2006 31.2000
v -2.8000 1.2563 32.0000
v -2.8000 1.1812 32.8000
v -2.8000 1.0022 33.6000
v -2.8000 0.7590 34.4000
v -2.8000 0.4913 35.2000
v -2.8000 0.2388 36.0000
v -2.8000 0.0407 36.8000
v -2.8000 -0.0637 37.6000
v -2.8000 -0.0548 38.4000
v -2.8000 -0.0255 39.2000
v -2.8000 0.0055 40.0000
v -2.8000 0.0371 40.8000
v -2.8000 0.0684 41.6000
v -2.8000 0.0985 42.4000
v -2.8000 0.1264 43.2000
v -2.8000 0.1512 44.0000
v -2.8000 0.1722 44.8000
v -2.8000 0.1887 45.6000
v -2.8000 0.2003 46.4000
v -2.8000 0.2065 47.2000
v -2.8000 0.8272 48.0000
v -2.8000 0.8223 48.8000
v -2.8000 0.8121 49.6000
v -2.8000 0.7968 50.4000
v -2.8000 0.7768 51.2000
v -2.8000 0.7529 52.0000
v -2.8000 0.7257 52.8000
v -2.8000 0.6961 53.6000
v -2.8000 0.6650 54.4000
v -2.8000 0.6333 55.2000
v -2.8000 0.6021 56.0000
v -2.8000 0.5724 56.8000
v -2.8000 0.5449 57.6000
v -2.8000 0.5206 58.4000
v -2.8000 0.5002 59.2000
v -2.8000 0.4844 60.0000
v -2.8000 0.4736 60.8000
v -2.8000 0.4682 61.6000
v -2.8000 -0.1516 62.4000
v -2.8000 -0.1460 63.2000
v -2.8000 -0.1349 64.0000
v -2.8000 -0.1189 64.8000
v -2.8000 -0.0983 65.6000
v -2.8000 -0.0738 66.4000
v -2.8000 -0.0462 67.2000
v -2.8000 -0.0163 68.0000
v -2.8000 0.0149 68.8000
v -2.8000 0.0466 69.6000
v -2.8000 0.0776 70.4000
v -2.8000 0.1071 71.2000
v -2.8000 0.1342 72.0000
v -2.8000 0.1579 72.8000
v -2.8000 0.1776 73.6000
v -2.8000 0.1927 74.4000
v -2.8000 0.2027 75.2000
v -2.8000 0.2073 76.0000
v -2.0000 0.0000 -8.0000
v -2.0000 0.0000 -7.2000
v -2.0000 0.0000 -6.4000
v -2.0000 0.0000 -5.6000
v -2.0000 0.0000 -4.8000
v -2.0000 0.0000 -4.0000
v -2.0000 0.0000 -3.2000
v -2.0000 0.0000 -2.4000
v -2.0000 0.0000 -1.6000
v -2.0000 0.0000 -0.8000
v -2.0000 0.0000 0.0000
v -2.0000 0.0000 0.8000
v -2.0000 0.0000 1.6000
v -2.0000 0.0000 2.4000
v -2.0000 0.0000 3.2000
v -2.0000 0.0000 4.0000
v -2.0000 0.0000 4.8000
v -2.0000 0.0000 5.6000
v -2.0000 0.0000 6.4000
v -2.0000 0.0000 7.2000
v -2.0000 0.0000 8.0000
v -2.0000 0.0000 8.8000
v -2.0000 0.0000 9.6000
v -2.0000 0.0000 10.4000
v -2.0000 0.0000 11.2000
v -2.0000 0.0000 12.0000
v -2.0000 0.0869 12.8000
v -2.0000 0.1175 13.6000
v -2.0000 0.1461 14.4000
v -2.0000 0.1719 15.2000
v -2.0000 0.1941 16.0000
v -2.0000 0.2121 16.8000
v -2.0000 0.2252 17.6000
v -2.0000 0.2330 18.4000
v -2.0000 0.2354 19.2000
v -2.0000 0.2322 20.0000
v -2.0000 0.2235 20.8000
v -2.0000 0.2097 21.6000
v -2.0000 0.1911 22.4000
v -2.0000 0.1683 23.2000
v -2.0000 0.1420 24.0000
v -2.0000 0.1130 24.8000
v -2.0000 0.0822 25.6000
v -2.0000 0.0685 26.4000
v -2.0000 0.1648 27.2000
v -2.0000 0.3519 28.0000
v -2.0000 0.5908 28.8000
v -2.0000 0.8425 29.6000
v -2.0000 1.0681 30.4000
v -2.0000 1.2284 31.2000
v -2.0000 1.2841 32.0000
v -2.0000 1.2091 32.8000
v -2.0000 1.0300 33.6000
v -2.0000 0.7868 34.4000
v -2.0000 0.5191 35.2000
v -2.0000 0.2666 36.0000
v -2.0000 0.0685 36.8000
v -2.0000 -0.0359 37.6000
v -2.0000 -0.0269 38.4000
v -2.0000 0.0024 39.2000
v -2.0000 0.0333 40.0000
v -2.0000 0.0649 40.8000
v -2.0000 0.0962 41.6000
v -2.0000 0.1263 42.4000
v -2.0000 0.1542 43.2000
v -2.0000 0.1790 44.0000
v -2.0000 0.2000 44.8000
v -2.0000 0.2165 45.6000
v -2.0000 0.2281 46.4000
v -2.0000 0.2343 47.2000
v -2.0000 0.9350 48.0000
v -2.0000 0.9302 48.8000
v -2.0000 0.9199 49.6000
v -2.0000 0.9046 50.4000
v -2.0000 0.8846 51.2000
v -2.0000 0.8607 52.0000
v -2.0000 0.8335 52.8000
v -2.0000 0.8039 53.6000
v -2.0000 0.7728 54.4000
v -2.0000 0.7412 55.2000
v -2.0000 0.7100 56.0000
v -2.0000 0.6802 56.8000
v -2.0000 0.6527 57.6000
v -2.0000 0.6284 58.4000
v -2.0000 0.6080 59.2000
v -2.0000 0.5922 60.0000
v -2.0000 0.5814 60.8000
v -2.0000 0.5760 61.6000
v -2.0000 -0.1238 62.4000
v -2.0000 -0.1181 63.2000
v -2.0000 -0.1071 64.0000
v -2.0000 -0.0910 64.8000
v -2.0000 -0.0705 65.6000
v -2.0000 -0.0460 66.4000
v -2.0000 -0.0184 67.2000
v -2.0000 0.0115 68.0000
v -2.0000 0.0428 68.8000
v -2.0000 0.0744 69.6000
v -2.0000 0.1054 70.4000
v -2.0000 0.1349 71.2000
v -2.0000 0.1620 72.0000
v -2.0000 0.1857 72.8000
v -2.0000 0.2055 73.6000
v -2.0000 0.2206 74.4000
v -2.0000 0.2305 75.2000
v -2.0000 0.2351 76.0000
v -1.2000 0.0000 -8.0000
v -1.2000 0.0000 -7.2000
v -1.2000 0.0000 -6.4000
v -1.2000 0.0000 -5.6000
v -1.2000 0.0000 -4.8000
v -1.2000 0.0000 -4.0000
v -1.2000 0.0000 -3.2000
v -1.2000 0.0000 -2.4000
v -1.2000 0.0000 -1.6000
v -1.2000 0.0000 -0.8000
v -1.2000 0.0000 0.0000
v -1.2000 0.0000 0.8000
v -1.2000 0.0000 1.6000
v -1.2000 0.0000 2.4000
v -1.2000 0.0000 3.2000
v -1.2000 0.0000 4.0000
v -1.2000 0.0000 4.8000
v -1.2000 0.0000 5.6000
v -1.2000 0.0000 6.4000
v -1.2000 0.0000 7.2000
v -1.2000 0.0000 8.0000
v -1.2000 0.0000 8.8000
v -1.2000 0.0000 9.6000
v -1.2000 0.0000 10.4000
v -1.2000 0.0000 11.2000
v -1.2000 0.0000 12.0000
v -1.2000 0.1114 12.8000
v -1.2000 0.1419 13.6000
v -1.2000 0.1705 14.4000
v -1.2000 0.1964 15.2000
v -1.2000 0.2186 16.0000
v -1.2000 0.2365 16.8000
v -1.2000 0.2496 17.6000
v -1.2000 0.2575 18.4000
v -1.2000 0.2598 19.2000
v -1.2000 0.2566 20.0000
v -1.2000 0.2480 20.8000
v -1.2000 0.2341 21.6000
v -1.2000 0.2155 22.4000
v -1.2000 0.1927 23.2000
v -1.2000 0.1664 24.0000
v -1.2000 0.1374 24.8000
v -1.2000 0.1067 25.6000
v -1.2000 0.0929 26.4000
v -1.2000 0.1893 27.2000
v -1.2000 0.3763 28.0000
v -1.2000 0.6152 28.8000
v -1.2000 0.8670 29.6000
v -1.2000 1.0926 30.4000
v -1.2000 1.2529 31.2000
v -1.2000 1.3086 32.0000
v -1.2000 1.2335 32.8000
v -1.2000 1.0544 33.6000
v -1.2000 0.8112 34.4000
v -1.2000 0.5436 35.2000
v -1.2000 0.2910 36.0000
v -1.2000 0.0930 36.8000
v -1.2000 -0.0114 37.6000
v -1.2000 -0.0025 38.4000
v -1.2000 0.0268 39.2000
v -1.2000 0.0577 40.0000
v -1.2000 0.0893 40.8000
v -1.2000 0.1207 41.6000
v -1.2000 0.1507 42.4000
v -1.2000 0.1786 43.2000
v -1.2000 0.2034 44.0000
v -1.2000 0.2244 44.8000
v -1.2000 0.2410 45.6000
v -1.2000 0.2525 46.4000
v -1.2000 0.2588 47.2000
v -1.2000 1.0395 48.0000
v -1.2000 1.0346 48.8000
v -1.2000 1.0243 49.6000
v -1.2000 1.0090 50.4000
v -1.2000 0.9891 51.2000
v -1.2000 0.9651 52.0000
v -1.2000 0.9379 52.8000
v -1.2000 0.9083 53.6000
v -1.2000 0.8772 54.4000
v -1.2000 0.8456 55.2000
v -1.2000 0.8144 56.0000
v -1.2000 0.7846 56.8000
v -1.2000 0.7571 57.6000
v -1.2000 0.7328 58.4000
v -1.2000 0.7125 59.2000
v -1.2000 0.6967 60.0000
v -1.2000 0.6859 60.8000
v -1.2000 0.6805 61.6000
v -1.2000 -0.0994 62.4000
v -1.2000 -0.0937 63.2000
v -1.2000 -0.0827 64.0000
v -1.2000 -0.0666 64.8000
v -1.2000 -0.0460 65.6000
v -1.2000 -0.0215 66.4000
v -1.2000 0.0061 67.2000
v -1.2000 0.0359 68.0000
v -1.2000 0.0672 68.8000
v -1.2000 0.0988 69.6000
v -1.2000 0.1299 70.4000
v -1.2000 0.1594 71.2000
v -1.2000 0.1864 72.0000
v -1.2000 0.2102 72.8000
v -1.2000 0.2299 73.6000
v -1.2000 0.2450 74.4000
v -1.2000 0.2550 75.2000
v -1.2000 0.2596 76.0000
v -0.4000 0.0000 -8.0000
v -0.4000 0.0000 -7.2000
v -0.4000 0.0000 -6.4000
v -0.4000 0.0000 -5.6000
v -0.4000 0.0000 -4.8000
v -0.4000 0.0000 -4.0000
v -0.4000 0.0000 -3.2000
v -0.4000 0.0000 -2.4000
v -0.4000 0.0000 -1.6000
v -0.4000 0.0000 -0.8000
v -0.4000 0.0000 0.0000
v -0.4000 0.0000 0.8000
v -0.4000 0.0000 1.6000
v -0.4000 0.0000 2.4000
v -0.4000 0.0000 3.2000
v -0.4000 0.0000 4.0000
v -0.4000 0.0000 4.8000
v -0.4000 0.0000 5.6000
v -0.4000 0.0000 6.4000
v -0.4000 0.0000 7.2000
v -0.4000 0.0000 8.0000
v -0.4000 0.0000 8.8000
v -0.4000 0.0000 9.6000
v -0.4000 0.0000 10.4000
v -0.4000 0.0000 11.2000
v -0.4000 0.0000 12.0000
v -0.4000 0.1309 12.8000
v -0.4000 0.1615 13.6000
v -0.4000 0.1901 14.4000
v -0.4000 0.2159 15.2000
v -0.4000 0.2381 16.0000
v -0.4000 0.2561 16.8000
v -0.4000 0.2692 17.6000
v -0.4000 0.2770 18.4000
v -0.4000 0.2794 19.2000
v -0.4000 0.2762 20.0000
v -0.4000 0.2675 20.8000
v -0.4000 0.2537 21.6000
v -0.4000 0.2350 22.4000
v -0.4000 0.2122 23.2000
v -0.4000 0.1859 24.0000
v -0.4000 0.1570 24.8000
v -0.4000 0.1262 25.6000
v -0.4000 0.1125 26.4000
v -0.4000 0.2088 27.2000
v -0.4000 0.3959 28.0000
v -0.4000 0.6347 28.8000
v -0.4000 0.8865 29.6000
v -0.4000 1.1121 30.4000
v -0.4000 1.2724 31.2000
v -0.4000 1.3281 32.0000
v -0.4000 1.2530 32.8000
v -0.4000 1.0740 33.6000
v -0.4000 0.8308 34.4000
v -0.4000 0.5631 35.2000
v -0.4000 0.3106 36.0000
v -0.4000 0.1125 36.8000
v -0.4000 0.0081 37.6000
v -0.4000 0.0170 38.4000
v -0.4000 0.0463 39.2000
v -0.4000 0.0773 40.0000
v -0.4000 0.1089 40.8000
v -0.4000 0.1402 41.6000
v -0.4000 0.1703 42.4000
v -0.4000 0.1982 43.2000
v -0.4000 0.2230 44.0000
v -0.4000 0.2440 44.8000
v -0.4000 0.2605 45.6000
v -0.4000 0.2721 46.4000
v -0.4000 0.2783 47.2000
v -0.4000 1.1390 48.0000
v -0.4000 1.1341 48.8000
v -0.4000 1.1239 49.6000
v -0.4000 1.1086 50.4000
v -0.4000 1.0886 51.2000
v -0.4000 1.0647 52.0000
v -0.4000 1.0375 52.8000
v -0.4000 1.0079 53.6000
v -0.4000 0.9768 54.4000
v -0.4000 0.9451 55.2000
v -0.4000 0.9139 56.0000
v -0.4000 0.8842 56.8000
v -0.4000 0.8567 57.6000
v -0.4000 0.8324 58.4000
v -0.4000 0.8120 59.2000
v -0.4000 0.7962 60.0000
v -0.4000 0.7854 60.8000
v -0.4000 0.7800 61.6000
v -0.4000 -0.0798 62.4000
v -0.4000 -0.0742 63.2000
v -0.4000 -0.0631 64.0000
v -0.4000 -0.0471 64.8000
v -0.4000 -0.0265 65.6000
v -0.4000 -0.0020 66.4000
v -0.4000 0.0256 67.2000
v -0.4000 0.0555 68.0000
v -0.4000 0.0867 68.8000
v -0.4000 0.1184 69.6000
v -0.4000 0.1494 70.4000
v -0.4000 0.1789 71.2000
v -0.4000 0.2060 72.0000
v -0.4000 0.2297 72.8000
v -0.4000 0.2494 73.6000
v -0.4000 0.2645 74.4000
v -0.4000 0.2745 75.2000
v -0.4000 0.2791 76.0000
v 0.4000 0.0000 -8.0000
v 0.4000 0.0000 -7.2000
v 0.4000 0.0000 -6.4000
v 0.4000 0.0000 -5.6000
v 0.4000 0.0000 -4.8000
v 0.4000 0.0000 -4.0000
v 0.4000 0.0000 -3.2000
v 0.4000 0.0000 -2.4000
v 0.4000 0.0000 -1.6000
v 0.4000 0.0000 -0.8000
v 0.4000 0.0000 0.0000
v 0.4000 0.0000 0.8000
v 0.4000 0.0000 1.6000
v 0.4000 0.0000 2.4000
v 0.4000 0.0000 3.2000
v 0.4000 0.0000 4.0000
v 0.4000 0.0000 4.8000
v 0.4000 0.0000 5.6000
v 0.4000 0.0000 6.4000
v 0.4000 0.0000 7.2000
v 0.4000 0.0000 8.0000
v 0.4000 0.0000 8.8000
v 0.4000 0.0000 9.6000
v 0.4000 0.0000 10.4000
v 0.4000 0.0000 11.2000
v 0.4000 0.0000 12.0000
v 0.4000 0.1444 12.8000
v 0.4000 0.1749 13.6000
v 0.4000 0.2035 14.4000
v 0.4000 0.2294 15.2000
v 0.4000 0.2516 16.0000
v 0.4000 0.2695 16.8000
v 0.4000 0.2826 17.6000
v 0.4000 0.2905 18.4000
v 0.4000 0.2928 19.2000
v 0.4000 0.2896 20.0000
v 0.4000 0.2810 20.8000
v 0.4000 0.2671 21.6000
v 0.4000 0.2485 22.4000
v 0.4000 0.2257 23.2000
v 0.4000 0.1994 24.0000
v 0.4000 0.1704 24.8000
v 0.4000 0.1397 25.6000
v 0.4000 0.1259 26.4000
v 0.4000 0.2223 27.2000
v 0.4000 0.4093 28.0000
v 0.4000 0.6482 28.8000
v 0.4000 0.9000 29.6000
v 0.4000 1.1256 30.4000
v 0.4000 1.2859 31.2000
v 0.4000 1.3416 32.0000
v 0.4000 1.2665 32.8000
v 0.4000 1.0874 33.6000
v 0.4000 0.8442 34.4000
v 0.4000 0.5766 35.2000
v 0.4000 0.3240 36.0000
v 0.4000 0.1260 36.8000
v 0.4000 0.0216 37.6000
v 0.4000 0.0305 38.4000
v 0.4000 0.0598 39.2000
v 0.4000 0.0907 40.0000
v 0.4000 0.1224 40.8000
v 0.4000 0.1537 41.6000
v 0.4000 0.1837 42.4000
v 0.4000 0.2116 43.2000
v 0.4000 0.2364 44.0000
v 0.4000 0.2574 44.8000
v 0.4000 0.2740 45.6000
v 0.4000 0.2855 46.4000
v 0.4000 0.2918 47.2000
v 0.4000 1.2325 48.0000
v 0.4000 1.2276 48.8000
v 0.4000 1.2174 49.6000
v 0.4000 1.2020 50.4000
v 0.4000 1.1821 51.2000
v 0.4000 1.1581 52.0000
v 0.4000 1.1310 52.8000
v 0.4000 1.1013 53.6000
v 0.4000 1.0702 54.4000
v 0.4000 1.0386 55.2000
v 0.4000 1.0074 56.0000
v 0.4000 0.9776 56.8000
v 0.4000 0.9502 57.6000
v 0.4000 0.9259 58.4000
v 0.4000 0.9055 59.2000
v 0.4000 0.8897 60.0000
v 0.4000 0.8789 60.8000
v 0.4000 0.8735 61.6000
v 0.4000 -0.0664 62.4000
v 0.4000 -0.0607 63.2000
v 0.4000 -0.0497 64.0000
v 0.4000 -0.0336 64.8000
v 0.4000 -0.0130 65.6000
v 0.4000 0.0115 66.4000
v 0.4000 0.0391 67.2000
v 0.4000 0.0690 68.0000
v 0.4000 0.1002 68.8000
v 0.4000 0.1318 69.6000
v 0.4000 0.1629 70.4000
v 0.4000 0.1924 71.2000
v 0.4000 0.2194 72.0000
v 0.4000 0.2432 72.8000
v 0.4000 0.2629 73.6000
v 0.4000 0.2780 74.4000
v 0.4000 0.2880 75.2000
v 0.4000 0.2926 76.0000
v 1.2000 0.0000 -8.0000
v 1.2000 0.0000 -7.2000
v 1.2000 0.0000 -6.4000
v 1.2000 0.0000 -5.6000
v 1.2000 0.0000 -4.8000
v 1.2000 0.0000 -4.0000
v 1.2000 0.0000 -3.2000
v 1.2000 0.0000 -2.4000
v 1.2000 0.0000 -1.6000
v 1.2000 0.0000 -0.8000
v 1.2000 0.0000 0.0000
v 1.2000 0.0000 0.8000
v 1.2000 0.0000 1.6000
v 1.2000 0.0000 2.4000
v 1.2000 0.0000 3.2000
v 1.2000 0.0000 4.0000
v 1.2000 0.0000 4.8000
v 1.2000 0.0000 5.6000
v 1.2000 0.0000 6.4000
v 1.2000 0.0000 7.2000
v 1.2000 0.0000 8.0000
v 1.2000 0.0000 8.8000
v 1.2000 0.0000 9.6000
v 1.2000 0.0000 10.4000
v 1.2000 0.0000 11.2000
v 1.2000 0.0000 12.0000
v 1.2000 0.1509 12.8000
v 1.2000 0.1815 13.6000
v 1.2000 0.2101 14.4000
v 1.2000 0.2359 15.2000
v 1.2000 0.2581 16.0000
v 1.2000 0.2761 16.8000
v 1.2000 0.2892 17.6000
v 1.2000 0.2970 18.4000
v 1.2000 0.2994 19.2000
v 1.2000 0.2962 20.0000
v 1.2000 0.2875 20.8000
v 1.2000 0.2737 21.6000
v 1.2000 0.2551 22.4000
v 1.2000 0.2323 23.2000
v 1.2000 0.2060 24.0000
v 1.2000 0.1770 24.8000
v 1.2000 0.1462 25.6000
v 1.2000 0.1325 26.4000
v 1.2000 0.2288 27.2000
v 1.2000 0.4159 28.0000
v 1.2000 0.6548 28.8000
v 1.2000 0.9065 29.6000
v 1.2000 1.1321 30.4000
v 1.2000 1.2924 31.2000
v 1.2000 1.3481 32.0000
v 1.2000 1.2731 32.8000
v 1.2000 1.0940 33.6000
v 1.2000 0.8508 34.4000
v 1.2000 0.5831 35.2000
v 1.2000 0.3306 36.0000
v 1.2000 0.1325 36.8000
v 1.2000 0.0281 37.6000
v 1.2000 0.0371 38.4000
v 1.2000 0.0664 39.2000
v 1.2000 0.0973 40.0000
v 1.2000 0.1289 40.8000
v 1.2000 0.1602 41.6000
v 1.2000 0.1903 42.4000
v 1.2000 0.2182 43.2000
v 1.2000 0.2430 44.0000
v 1.2000 0.2640 44.8000
v 1.2000 0.2805 45.6000
v 1.2000 0.2921 46.4000
v 1.2000 0.2983 47.2000
v 1.2000 1.3190 48.0000
v 1.2000 1.3142 48.8000
v 1.2000 1.3039 49.6000
v 1.2000 1.2886 50.4000
v 1.2000 1.2686 51.2000
v 1.2000 1.2447 52.0000
v 1.2000 1.2175 52.8000
v 1.2000 1.1879 53.6000
v 1.2000 1.1568 54.4000
v 1.2000 1.1252 55.2000
v 1.2000 1.0940 56.0000
v 1.2000 1.0642 56.8000
v 1.2000 1.0367 57.6000
v 1.2000 1.0124 58.4000
v 1.2000 0.9920 59.2000
v 1.2000 0.9762 60.0000
v 1.2000 0.9654 60.8000
v 1.2000 0.9600 61.6000
v 1.2000 -0.0598 62.4000
v 1.2000 -0.0541 63.2000
v 1.2000 -0.0431 64.0000
v 1.2000 -0.0270 64.8000
v 1.2000 -0.0065 65.6000
v 1.2000 0.0180 66.4000
v 1.2000 0.0456 67.2000
v 1.2000 0.0755 68.0000
v 1.2000 0.1068 68.8000
v 1.2000 0.1384 69.6000
v 1.2000 0.1694 70.4000
v 1.2000 0.1989 71.2000
v 1.2000 0.2260 72.0000
v 1.2000 0.2497 72.8000
v 1.2000 0.2695 73.6000
v 1.2000 0.2846 74.4000
v 1.2000 0.2945 75.2000
v 1.2000 0.2991 76.0000
v 2.0000 0.0000 -8.0000
v 2.0000 0.0000 -7.2000
v 2.0000 0.0000 -6.4000
v 2.0000 0.0000 -5.6000
v 2.0000 0.0000 -4.8000
v 2.0000 0.0000 -4.0000
v 2.0000 0.0000 -3.2000
v 2.0000 0.0000 -2.4000
v 2.0000 0.0000 -1.6000
v 2.0000 0.0000 -0.8000
v 2.0000 0.0000 0.0000
v 2.0000 0.0000 0.8000
v 2.0000 0.0000 1.6000
v 2.0000 0.0000 2.4000
v 2.0000 0.0000 3.2000
v 2.0000 0.0000 4.0000
v 2.0000 0.0000 4.8000
v 2.0000 0.0000 5.6000
v 2.0000 0.0000 6.4000
v 2.0000 0.0000 7.2000
v 2.0000 0.0000 8.0000
v 2.0000 0.0000 8.8000
v 2.0000 0.0000 9.6000
v 2.0000 0.0000 10.4000
v 2.0000 0.0000 11.2000
v 2.0000 0.0000 12.0000
v 2.0000 0.1502 12.8000
v 2.0000 0.1807 13.6000
v 2.0000 0.2094 14.4000
v 2.0000 0.2352 15.2000
v 2.0000 0.2574 16.0000
v 2.0000 0.2753 16.8000
v 2.0000 0.2884 17.6000
v 2.0000 0.2963 18.4000
v 2.0000 0.2987 19.2000
v 2.0000 0.2955 20.0000
v 2.0000 0.2868 20.8000
v 2.0000 0.2729 21.6000
v 2.0000 0.2543 22.4000
v 2.0000 0.2315 23.2000
v 2.0000 0.2052 24.0000
v 2.0000 0.1762 24.8000
v 2.0000 0.1455 25.6000
v 2.0000 0.1318 26.4000
v 2.0000 0.2281 27.2000
v 2.0000 0.4151 28.0000
v 2.0000 0.6540 28.8000
v 2.0000 0.9058 29.6000
v 2.0000 1.1314 30.4000
v 2.0000 1.2917 31.2000
v 2.0000 1.3474 32.0000
v 2.0000 1.2723 32.8000
v 2.0000 1.0932 33.6000
v 2.0000 0.8500 34.4000
v 2.0000 0.5824 35.2000
v 2.0000 0.3299 36.0000
v 2.0000 0.1318 36.8000
v 2.0000 0.0274 37.6000
v 2.0000 0.0363 38.4000
v 2.0000 0.0656 39.2000
v 2.0000 0.0965 40.0000
v 2.0000 0.1282 40.8000
v 2.0000 0.1595 41.6000
v 2.0000 0.1896 42.4000
v 2.0000 0.2174 43.2000
v 2.0000 0.2423 44.0000
v 2.0000 0.2633 44.8000
v 2.0000 0.2798 45.6000
v 2.0000 0.2914 46.4000
v 2.0000 0.2976 47.2000
v 2.0000 1.3983 48.0000
v 2.0000 1.3934 48.8000
v 2.0000 1.3832 49.6000
v 2.0000 1.3678 50.4000
v 2.0000 1.3479 51.2000
v 2.0000 1.3240 52.0000
v 2.0000 1.2968 52.8000
v 2.0000 1.2672 53.6000
v 2.0000 1.2361 54.4000
v 2.0000 1.2044 55.2000
v 2.0000 1.1732 56.0000
v 2.0000 1.1434 56.8000
v 2.0000 1.1160 57.6000
v 2.0000 1.0917 58.4000
v 2.0000 1.0713 59.2000
v 2.0000 1.0555 60.0000
v 2.0000 1.0447 60.8000
v 2.0000 1.0393 61.6000
v 2.0000 -0.0606 62.4000
v 2.0000 -0.0549 63.2000
v 2.0000 -0.0438 64.0000
v 2.0000 -0.0278 64.8000
v 2.0000 -0.0072 65.6000
v 2.0000 0.0173 66.4000
v 2.0000 0.0449 67.2000
v 2.0000 0.0748 68.0000
v 2.0000 0.1060 68.8000
v 2.0000 0.1376 69.6000
v 2.0000 0.1687 70.4000
v 2.0000 0.1982 71.2000
v 2.0000 0.2252 72.0000
v 2.0000 0.2490 72.8000
v 2.0000 0.2687 73.6000
v 2.0000 0.2838 74.4000
v 2.0000 0.2938 75.2000
v 2.0000 0.2984 76.0000
v 2.8000 0.0000 -8.0000
v 2.8000 0.0000 -7.2000
v 2.8000 0.0000 -6.4000
v 2.8000 0.0000 -5.6000
v 2.8000 0.0000 -4.8000
v 2.8000 0.0000 -4.0000
v 2.8000 0.0000 -3.2000
v 2.8000 0.0000 -2.4000
v 2.8000 0.0000 -1.6000
v 2.8000 0.0000 -0.8000
v 2.8000 0.0000 0.0000
v 2.8000 0.0000 0.8000
v 2.8000 0.0000 1.6000
v 2.8000 0.0000 2.4000
v 2.8000 0.0000 3.2000
v 2.8000 0.0000 4.0000
v 2.8000 0.0000 4.8000
v 2.8000 0.0000 5.6000
v 2.8000 0.0000 6.4000
v 2.8000 0.0000 7.2000
v 2.8000 0.0000 8.0000
v 2.8000 0.0000 8.8000
v 2.8000 0.0000 9.6000
v 2.8000 0.0000 10.4000
v 2.8000 0.0000 11.2000
v 2.8000 0.0000 12.0000
v 2.8000 0.1422 12.8000
v 2.8000 0.1727 13.6000
v 2.8000 0.2013 14.4000
v 2.8000 0.2272 15.2000
v 2.8000 0.2494 16.0000
v 2.8000 0.2673 16.8000
v 2.8000 0.2804 17.6000
v 2.8000 0.2883 18.4000
v 2.8000 0.2906 19.2000
v 2.8000 0.2874 20.0000
v 2.8000 0.2788 20.8000
v 2.8000 0.2649 21.6000
v 2.8000 0.2463 22.4000
v 2.8000 0.2235 23.2000
v 2.8000 0.1972 24.0000
v 2.8000 0.1682 24.8000
v 2.8000 0.1375 25.6000
v 2.8000 0.1237 26.4000
v 2.8000 0.2201 27.2000
v 2.8000 0.4071 28.0000
v 2.8000 0.6460 28.8000
v 2.8000 0.8978 29.6000
v 2.8000 1.1234 30.4000
v 2.8000 1.2837 31.2000
v 2.8000 1.3394 32.0000
v 2.8000 1.2643 32.8000
v 2.8000 1.0852 33.6000
v 2.8000 0.8420 34.4000
v 2.8000 0.5744 35.2000
v 2.8000 0.3218 36.0000
v 2.8000 0.1238 36.8000
v 2.8000 0.0194 37.6000
v 2.8000 0.0283 38.4000
v 2.8000 0.0576 39.2000
v 2.8000 0.0885 40.0000
v 2.8000 0.1202 40.8000
v 2.8000 0.1515 41.6000
v 2.8000 0.1816 42.4000
v 2.8000 0.2094 43.2000
v 2.8000 0.2342 44.0000
v 2.8000 0.2553 44.8000
v 2.8000 0.2718 45.6000
v 2.8000 0.2833 46.4000
v 2.8000 0.2896 47.2000
v 2.8000 1.4703 48.0000
v 2.8000 1.4654 48.8000
v 2.8000 1.4552 49.6000
v 2.8000 1.4398 50.4000
v 2.8000 1.4199 51.2000
v 2.8000 1.3959 52.0000
v 2.8000 1.3688 52.8000
v 2.8000 1.3392 53.6000
v 2.8000 1.3081 54.4000
v 2.8000 1.2764 55.2000
v 2.8000 1.2452 56.0000
v 2.8000 1.2154 56.8000
v 2.8000 1.1880 57.6000
v 2.8000 1.1637 58.4000
v 2.8000 1.1433 59.2000
v 2.8000 1.1275 60.0000
v 2.8000 1.1167 60.8000
v 2.8000 1.1113 61.6000
v 2.8000 -0.0686 62.4000
v 2.8000 -0.0629 63.2000
v 2.8000 -0.0519 64.0000
v 2.8000 -0.0358 64.8000
v 2.8000 -0.0152 65.6000
v 2.8000 0.0093 66.4000
v 2.8000 0.0369 67.2000
v 2.8000 0.0668 68.0000
v 2.8000 0.0980 68.8000
v 2.8000 0.1296 69.6000
v 2.8000 0.1607 70.4000
v 2.8000 0.1902 71.2000
v 2.8000 0.2172 72.0000
v 2.8000 0.2410 72.8000
v 2.8000 0.2607 73.6000
v 2.8000 0.2758 74.4000
v 2.8000 0.2858 75.2000
v 2.8000 0.2904 76.0000
v 3.6000 0.0000 -8.0000
v 3.6000 0.0000 -7.2000
v 3.6000 0.0000 -6.4000
v 3.6000 0.0000 -5.6000
v 3.6000 0.0000 -4.8000
v 3.6000 0.0000 -4.0000
v 3.6000 0.0000 -3.2000
v 3.6000 0.0000 -2.4000
v 3.6000 0.0000 -1.6000
v 3.6000 0.0000 -0.8000
v 3.6000 0.0000 0.0000
v 3.6000 0.0000 0.8000
v 3.6000 0.0000 1.6000
v 3.6000 0.0000 2.4000
v 3.6000 0.0000 3.2000
v 3.6000 0.0000 4.0000
v 3.6000 0.0000 4.8000
v 3.6000 0.0000 5.6000
v 3.6000 0.0000 6.4000
v 3.6000 0.0000 7.2000
v 3.6000 0.0000 8.0000
v 3.6000 0.0000 8.8000
v 3.6000 0.0000 9.6000
v 3.6000 0.0000 10.4000
v 3.6000 0.0000 11.2000
v 3.6000 0.0000 12.0000
v 3.6000 0.1274 12.8000
v 3.6000 0.1579 13.6000
v 3.6000 0.1866 14.4000
v 3.6000 0.2124 15.2000
v 3.6000 0.2346 16.0000
v 3.6000 0.2525 16.8000
v 3.6000 0.2656 17.6000
v 3.6000 0.2735 18.4000
v 3.6000 0.2759 19.2000
v 3.6000 0.2727 20.0000
v 3.6000 0.2640 20.8000
v 3.6000 0.2502 21.6000
v 3.6000 0.2315 22.4000
v 3.6000 0.2087 23.2000
v 3.6000 0.1824 24.0000
v 3.6000 0.1535 24.8000
v 3.6000 0.1227 25.6000
v 3.6000 0.1090 26.4000
v 3.6000 0.2053 27.2000
v 3.6000 0.3923 28.0000
v 3.6000 0.6312 28.8000
v 3.6000 0.8830 29.6000
v 3.6000 1.1086 30.4000
v 3.6000 1.2689 31.2000
v 3.6000 1.3246 32.0000
v 3.6000 1.2495 32.8000
v 3.6000 1.0704 33.6000
v 3.6000 0.8272 34.4000
v 3.6000 0.5596 35.2000
v 3.6000 0.3071 36.0000
v 3.6000 0.1090 36.8000
v 3.6000 0.0046 37.6000
v 3.6000 0.0135 38.4000
v 3.6000 0.0428 39.2000
v 3.6000 0.0738 40.0000
v 3.6000 0.1054 40.8000
v 3.6000 0.1367 41.6000
v 3.6000 0.1668 42.4000
v 3.6000 0.1946 43.2000
v 3.6000 0.2195 44.0000
v 3.6000 0.2405 44.8000
v 3.6000 0.2570 45.6000
v 3.6000 0.2686 46.4000
v 3.6000 0.2748 47.2000
v 3.6000 1.5355 48.0000
v 3.6000 1.5306 48.8000
v 3.6000 1.5204 49.6000
v 3.6000 1.5050 50.4000
v 3.6000 1.4851 51.2000
v 3.6000 1.4612 52.0000
v 3.6000 1.4340 52.8000
v 3.6000 1.4044 53.6000
v 3.6000 1.3733 54.4000
v 3.6000 1.3416 55.2000
v 3.6000 1.3104 56.0000
v 3.6000 1.2806 56.8000
v 3.6000 1.2532 57.6000
v 3.6000 1.2289 58.4000
v 3.6000 1.2085 59.2000
v 3.6000 1.1927 60.0000
v 3.6000 1.1819 60.8000
v 3.6000 1.1765 61.6000
v 3.6000 -0.0834 62.4000
v 3.6000 -0.0777 63.2000
v 3.6000 -0.0666 64.0000
v 3.6000 -0.0506 64.8000
v 3.6000 -0.0300 65.6000
v 3.6000 -0.0055 66.4000
v 3.6000 0.0221 67.2000
v 3.6000 0.0520 68.0000
v 3.6000 0.0832 68.8000
v 3.6000 0.1149 69.6000
v 3.6000 0.1459 70.4000
v 3.6000 0.1754 71.2000
v 3.6000 0.2025 72.0000
v 3.6000 0.2262 72.8000
v 3.6000 0.2459 73.6000
v 3.6000 0.2610 74.4000
v 3.6000 0.2710 75.2000
v 3.6000 0.2756 76.0000
v 4.4000 0.0000 -8.0000
v 4.4000 0.0000 -7.2000
v 4.4000 0.0000 -6.4000
v 4.4000 0.0000 -5.6000
v 4.4000 0.0000 -4.8000
v 4.4000 0.0000 -4.0000
v 4.4000 0.0000 -3.2000
v 4.4000 0.0000 -2.4000
v 4.4000 0.0000 -1.6000
v 4.4000 0.0000 -0.8000
v 4.4000 0.0000 0.0000
v 4.4000 0.0000 0.8000
v 4.4000 0.0000 1.6000
v 4.4000 0.0000 2.4000
v 4.4000 0.0000 3.2000
v 4.4000 0.0000 4.0000
v 4.4000 0.0000 4.8000
v 4.4000 0.0000 5.6000
v 4.4000 0.0000 6.4000
v 4.4000 0.0000 7.2000
v 4.4000 0.0000 8.0000
v 4.4000 0.0000 8.8000
v 4.4000 0.0000 9.6000
v 4.4000 0.0000 10.4000
v 4.4000 0.0000 11.2000
v 4.4000 0.0000 12.0000
v 4.4000 0.1067 12.8000
v 4.4000 0.1373 13.6000
v 4.4000 0.1659 14.4000
v 4.4000 0.1917 15.2000
v 4.4000 0.2140 16.0000
v 4.4000 0.2319 16.8000
v 4.4000 0.2450 17.6000
v 4.4000 0.2529 18.4000
v 4.4000 0.2552 19.2000
v 4.4000 0.2520 20.0000
v 4.4000 0.2434 20.8000
v 4.4000 0.2295 21.6000
v 4.4000 0.2109 22.4000
v 4.4000 0.1881 23.2000
v 4.4000 0.1618 24.0000
v 4.4000 0.1328 24.8000
v 4.4000 0.1021 25.6000
v 4.4000 0.0883 26.4000
v 4.4000 0.1846 27.2000
v 4.4000 0.3717 28.0000
v 4.4000 0.6106 28.8000
v 4.4000 0.8623 29.6000
v 4.4000 1.0879 30.4000
v 4.4000 1.2482 31.2000
v 4.4000 1.3039 32.0000
v 4.4000 1.2289 32.8000
v 4.4000 1.0498 33.6000
v 4.4000 0.8066 34.4000
v 4.4000 0.5390 35.2000
v 4.4000 0.2864 36.0000
v 4.4000 0.0883 36.8000
v 4.4000 -0.0160 37.6000
v 4.4000 -0.0071 38.4000
v 4.4000 0.0222 39.2000
v 4.4000 0.0531 40.0000
v 4.4000 0.0847 40.8000
v 4.4000 0.1161 41.6000
v 4.4000 0.1461 42.4000
v 4.4000 0.1740 43.2000
v 4.4000 0.1988 44.0000
v 4.4000 0.2198 44.8000
v 4.4000 0.2364 45.6000
v 4.4000 0.2479 46.4000
v 4.4000 0.2541 47.2000
v 4.4000 1.5948 48.0000
v 4.4000 1.5900 48.8000
v 4.4000 1.5797 49.6000
v 4.4000 1.5644 50.4000
v 4.4000 1.5445 51.2000
v 4.4000 1.5205 52.0000
v 4.4000 1.4933 52.8000
v 4.4000 1.4637 53.6000
v 4.4000 1.4326 54.4000
v 4.4000 1.4010 55.2000
v 4.4000 1.3698 56.0000
v 4.4000 1.3400 56.8000
v 4.4000 1.3125 57.6000
v 4.4000 1.2882 58.4000
v 4.4000 1.2679 59.2000
v 4.4000 1.2520 60.0000
v 4.4000 1.2413 60.8000
v 4.4000 1.2359 61.6000
v 4.4000 -0.1040 62.4000
v 4.4000 -0.0983 63.2000
v 4.4000 -0.0873 64.0000
v 4.4000 -0.0712 64.8000
v 4.4000 -0.0506 65.6000
v 4.4000 -0.0262 66.4000
v 4.4000 0.0014 67.2000
v 4.4000 0.0313 68.0000
v 4.4000 0.0626 68.8000
v 4.4000 0.0942 69.6000
v 4.4000 0.1253 70.4000
v 4.4000 0.1548 71.2000
v 4.4000 0.1818 72.0000
v 4.4000 0.2056 72.8000
v 4.4000 0.2253 73.6000
v 4.4000 0.2404 74.4000
v 4.4000 0.2504 75.2000
v 4.4000 0.2549 76.0000
v 5.2000 0.0000 -8.0000
v 5.2000 0.0000 -7.2000
v 5.2000 0.0000 -6.4000
v 5.2000 0.0000 -5.6000
v 5.2000 0.0000 -4.8000
v 5.2000 0.0000 -4.0000
v 5.2000 0.0000 -3.2000
v 5.2000 0.0000 -2.4000
v 5.2000 0.0000 -1.6000
v 5.2000 0.0000 -0.8000
v 5.2000 0.0000 0.0000
v 5.2000 0.0000 0.8000
v 5.2000 0.0000 1.6000
v 5.2000 0.0000 2.4000
v 5.2000 0.0000 3.2000
v 5.2000 0.0000 4.0000
v 5.2000 0.0000 4.8000
v 5.2000 0.0000 5.6000
v 5.2000 0.0000 6.4000
v 5.2000 0.0000 7.2000
v 5.2000 0.0000 8.0000
v 5.2000 0.0000 8.8000
v 5.2000 0.0000 9.6000
v 5.2000 0.0000 10.4000
v 5.2000 0.0000 11.2000
v 5.2000 0.0000 12.0000
v 5.2000 0.0815 12.8000
v 5.2000 0.1120 13.6000
v 5.2000 0.1407 14.4000
v 5.2000 0.1665 15.2000
v 5.2000 0.1887 16.0000
v 5.2000 0.2067 16.8000
v 5.2000 0.2197 17.6000
v 5.2000 0.2276 18.4000
v 5.2000 0.2300 19.2000
v 5.2000 0.2268 20.0000
v 5.2000 0.2181 20.8000
v 5.2000 0.2043 21.6000
v 5.2000 0.1856 22.4000
v 5.2000 0.1628 23.2000
v 5.2000 0.1365 24.0000
v 5.2000 0.1076 24.8000
v 5.2000 0.0768 25.6000
v 5.2000 0.0631 26.4000
v 5.2000 0.1594 27.2000
v 5.2000 0.3464 28.0000
v 5.2000 0.5853 28.8000
v 5.2000 0.8371 29.6000
v 5.2000 1.0627 30.4000
v 5.2000 1.2230 31.2000
v 5.2000 1.2787 32.0000
v 5.2000 1.2036 32.8000
v 5.2000 1.0246 33.6000
v 5.2000 0.7813 34.4000
v 5.2000 0.5137 35.2000
v 5.2000 0.2612 36.0000
v 5.2000 0.0631 36.8000
v 5.2000 -0.0413 37.6000
v 5.2000 -0.0324 38.4000
v 5.2000 -0.0031 39.2000
v 5.2000 0.0279 40.0000
v 5.2000 0.0595 40.8000
v 5.2000 0.0908 41.6000
v 5.2000 0.1209 42.4000
v 5.2000 0.1487 43.2000
v 5.2000 0.1736 44.0000
v 5.2000 0.1946 44.8000
v 5.2000 0.2111 45.6000
v 5.2000 0.2227 46.4000
v 5.2000 0.2289 47.2000
v 5.2000 1.6496 48.0000
v 5.2000 1.6447 48.8000
v 5.2000 1.6345 49.6000
v 5.2000 1.6191 50.4000
v 5.2000 1.5992 51.2000
v 5.2000 1.5753 52.0000
v 5.2000 1.5481 52.8000
v 5.2000 1.5185 53.6000
v 5.2000 1.4874 54.4000
v 5.2000 1.4557 55.2000
v 5.2000 1.4245 56.0000
v 5.2000 1.3947 56.8000
v 5.2000 1.3673 57.6000
v 5.2000 1.3430 58.4000
v 5.2000 1.3226 59.2000
v 5.2000 1.3068 60.0000
v 5.2000 1.2960 60.8000
v 5.2000 1.2906 61.6000
v 5.2000 -0.1293 62.4000
v 5.2000 -0.1236 63.2000
v 5.2000 -0.1125 64.0000
v 5.2000 -0.0965 64.8000
v 5.2000 -0.0759 65.6000
v 5.2000 -0.0514 66.4000
v 5.2000 -0.0238 67.2000
v 5.2000 0.0061 68.0000
v 5.2000 0.0373 68.8000
v 5.2000 0.0690 69.6000
v 5.2000 0.1000 70.4000
v 5.2000 0.1295 71.2000
v 5.2000 0.1566 72.0000
v 5.2000 0.1803 72.8000
v 5.2000 0.2000 73.6000
v 5.2000 0.2151 74.4000
v 5.2000 0.2251 75.2000
v 5.2000 0.2297 76.0000
v 6.0000 0.0000 -8.0000
v 6.0000 0.0000 -7.2000
v 6.0000 0.0000 -6.4000
v 6.0000 0.0000 -5.6000
v 6.0000 0.0000 -4.8000
v 6.0000 0.0000 -4.0000
v 6.0000 0.0000 -3.2000
v 6.0000 0.0000 -2.4000
v 6.0000 0.0000 -1.6000
v 6.0000 0.0000 -0.8000
v 6.0000 0.0000 0.0000
v 6.0000 0.0000 0.8000
v 6.0000 0.0000 1.6000
v 6.0000 0.0000 2.4000
v 6.0000 0.0000 3.2000
v 6.0000 0.0000 4.0000
v 6.0000 0.0000 4.8000
v 6.0000 0.0000 5.6000
v 6.0000 0.0000 6.4000
v 6.0000 0.0000 7.2000
v 6.0000 0.0000 8.0000
v 6.0000 0.0000 8.8000
v 6.0000 0.0000 9.6000
v 6.0000 0.0000 10.4000
v 6.0000 0.0000 11.2000
v 6.0000 0.0000 12.0000
v 6.0000 0.0532 12.8000
v 6.0000 0.0837 13.6000
v 6.0000 0.1124 14.4000
v 6.0000 0.1382 15.2000
v 6.0000 0.1604 16.0000
v 6.0000 0.1783 16.8000
v 6.0000 0.1914 17.6000
v 6.0000 0.1993 18.4000
v 6.0000 0.2017 19.2000
v 6.0000 0.1985 20.0000
v 6.0000 0.1898 20.8000
v 6.0000 0.1759 21.6000
v 6.0000 0.1573 22.4000
v 6.0000 0.1345 23.2000
v 6.0000 0.1082 24.0000
v 6.0000 0.0792 24.8000
v 6.0000 0.0485 25.6000
v 6.0000 0.0348 26.4000
v 6.0000 0.1311 27.2000
v 6.0000 0.3181 28.0000
v 6.0000 0.5570 28.8000
v 6.0000 0.8088 29.6000
v 6.0000 1.0344 30.4000
v 6.0000 1.1947 31.2000
v 6.0000 1.2504 32.0000
v 6.0000 1.1753 32.8000
v 6.0000 0.9962 33.6000
v 6.0000 0.7530 34.4000
v 6.0000 0.4854 35.2000
v 6.0000 0.2329 36.0000
v 6.0000 0.0348 36.8000
v 6.0000 -0.0696 37.6000
v 6.0000 -0.0607 38.4000
v 6.0000 -0.0314 39.2000
v 6.0000 -0.0004 40.0000
v 6.0000 0.0312 40.8000
v 6.0000 0.0625 41.6000
v 6.0000 0.0926 42.4000
v 6.0000 0.1204 43.2000
v 6.0000 0.1453 44.0000
v 6.0000 0.1663 44.8000
v 6.0000 0.1828 45.6000
v 6.0000 0.1944 46.4000
v 6.0000 0.2006 47.2000
v 6.0000 1.7013 48.0000
v 6.0000 1.6964 48.8000
v 6.0000 1.6862 49.6000
v 6.0000 1.6708 50.4000
v 6.0000 1.6509 51.2000
v 6.0000 1.6270 52.0000
v 6.0000 1.5998 52.8000
v 6.0000 1.5702 53.6000
v 6.0000 1.5391 54.4000
v 6.0000 1.5074 55.2000
v 6.0000 1.4762 56.0000
v 6.0000 1.4464 56.8000
v 6.0000 1.4190 57.6000
v 6.0000 1.3947 58.4000
v 6.0000 1.3743 59.2000
v 6.0000 1.3585 60.0000
v 6.0000 1.3477 60.8000
v 6.0000 1.3423 61.6000
v 6.0000 -0.1576 62.4000
v 6.0000 -0.1519 63.2000
v 6.0000 -0.1408 64.0000
v 6.0000 -0.1248 64.8000
v 6.0000 -0.1042 65.6000
v 6.0000 -0.0797 66.4000
v 6.0000 -0.0521 67.2000
v 6.0000 -0.0222 68.0000
v 6.0000 0.0090 68.8000
v 6.0000 0.0406 69.6000
v 6.0000 0.0717 70.4000
v 6.0000 0.1012 71.2000
v 6.0000 0.1282 72.0000
v 6.0000 0.1520 72.8000
v 6.0000 0.1717 73.6000
v 6.0000 0.1868 74.4000
v 6.0000 0.1968 75.2000
v 6.0000 0.2014 76.0000
v 6.8000 0.0000 -8.0000
v 6.8000 0.0000 -7.2000
v 6.8000 0.0000 -6.4000
v 6.8000 0.0000 -5.6000
v 6.8000 0.0000 -4.8000
v 6.8000 0.0000 -4.0000
v 6.8000 0.0000 -3.2000
v 6.8000 0.0000 -2.4000
v 6.8000 0.0000 -1.6000
v 6.8000 0.0000 -0.8000
v 6.8000 0.0000 0.0000
v 6.8000 0.0000 0.8000
v 6.8000 0.0000 1.6000
v 6.8000 0.0000 2.4000
v 6.8000 0.0000 3.2000
v 6.8000 0.0000 4.0000
v 6.8000 0.0000 4.8000
v 6.8000 0.0000 5.6000
v 6.8000 0.0000 6.4000
v 6.8000 0.0000 7.2000
v 6.8000 0.0000 8.0000
v 6.8000 0.0000 8.8000
v 6.8000 0.0000 9.6000
v 6.8000 0.0000 10.4000
v 6.8000 0.0000 11.2000
v 6.8000 0.0000 12.0000
v 6.8000 0.0236 12.8000
v 6.8000 0.0541 13.6000
v 6.8000 0.0827 14.4000
v 6.8000 0.1085 15.2000
v 6.8000 0.1308 16.0000
v 6.8000 0.1487 16.8000
v 6.8000 0.1618 17.6000
v 6.8000 0.1697 18.4000
v 6.8000 0.1720 19.2000
v 6.8000 0.1688 20.0000
v 6.8000 0.1602 20.8000
v 6.8000 0.1463 21.6000
v 6.8000 0.1277 22.4000
v 6.8000 0.1049 23.2000
v 6.8000 0.0786 24.0000
v 6.8000 0.0496 24.8000
v 6.8000 0.0189 25.6000
v 6.8000 0.0051 26.4000
v 6.8000 0.1015 27.2000
v 6.8000 0.2885 28.0000
v 6.8000 0.5274 28.8000
v 6.8000 0.7791 29.6000
v 6.8000 1.0048 30.4000
v 6.8000 1.1651 31.2000
v 6.8000 1.2207 32.0000
v 6.8000 1.1457 32.8000
v 6.8000 0.9666 33.6000
v 6.8000 0.7234 34.4000
v 6.8000 0.4558 35.2000
v 6.8000 0.2032 36.0000
v 6.8000 0.0052 36.8000
v 6.8000 -0.0992 37.6000
v 6.8000 -0.0903 38.4000
v 6.8000 -0.0610 39.2000
v 6.8000 -0.0301 40.0000
v 6.8000 0.0015 40.8000
v 6.8000 0.0329 41.6000
v 6.8000 0.0629 42.4000
v 6.8000 0.0908 43.2000
v 6.8000 0.1156 44.0000
v 6.8000 0.1366 44.8000
v 6.8000 0.1532 45.6000
v 6.8000 0.1647 46.4000
v 6.8000 0.1709 47.2000
v 6.8000 1.7516 48.0000
v 6.8000 1.7468 48.8000
v 6.8000 1.7365 49.6000
v 6.8000 1.7212 50.4000
v 6.8000 1.7013 51.2000
v 6.8000 1.6773 52.0000
v 6.8000 1.6501 52.8000
v 6.8000 1.6205 53.6000
v 6.8000 1.5894 54.4000
v 6.8000 1.5578 55.2000
v 6.8000 1.5266 56.0000
v 6.8000 1.4968 56.8000
v 6.8000 1.4693 57.6000
v 6.8000 1.4450 58.4000
v 6.8000 1.4247 59.2000
v 6.8000 1.4088 60.0000
v 6.8000 1.3981 60.8000
v 6.8000 1.3927 61.6000
v 6.8000 -0.1872 62.4000
v 6.8000 -0.1815 63.2000
v 6.8000 -0.1705 64.0000
v 6.8000 -0.1544 64.8000
v 6.8000 -0.1338 65.6000
v 6.8000 -0.1094 66.4000
v 6.8000 -0.0817 67.2000
v 6.8000 -0.0519 68.0000
v 6.8000 -0.0206 68.8000
v 6.8000 0.0110 69.6000
v 6.8000 0.0421 70.4000
v 6.8000 0.0716 71.2000
v 6.8000 0.0986 72.0000
v 6.8000 0.1224 72.8000
v 6.8000 0.1421 73.6000
v 6.8000 0.1572 74.4000
v 6.8000 0.1672 75.2000
v 6.8000 0.1717 76.0000
v 7.6000 0.0000 -8.0000
v 7.6000 0.0000 -7.2000
v 7.6000 0.0000 -6.4000
v 7.6000 0.0000 -5.6000
v 7.6000 0.0000 -4.8000
v 7.6000 0.0000 -4.0000
v 7.6000 0.0000 -3.2000
v 7.6000 0.0000 -2.4000
v 7.6000 0.0000 -1.6000
v 7.6000 0.0000 -0.8000
v 7.6000 0.0000 0.0000
v 7.6000 0.0000 0.8000
v 7.6000 0.0000 1.6000
v 7.6000 0.0000 2.4000
v 7.6000 0.0000 3.2000
v 7.6000 0.0000 4.0000
v 7.6000 0.0000 4.8000
v 7.6000 0.0000 5.6000
v 7.6000 0.0000 6.4000
v 7.6000 0.0000 7.2000
v 7.6000 0.0000 8.0000
v 7.6000 0.0000 8.8000
v 7.6000 0.0000 9.6000
v 7.6000 0.0000 10.4000
v 7.6000 0.0000 11.2000
v 7.6000 0.0000 12.0000
v 7.6000 -0.0056 12.8000
v 7.6000 0.0249 13.6000
v 7.6000 0.0536 14.4000
v 7.6000 0.0794 15.2000
v 7.6000 0.1016 16.0000
v 7.6000 0.1196 16.8000
v 7.6000 0.1327 17.6000
v 7.6000 0.1405 18.4000
v 7.6000 0.1429 19.2000
v 7.6000 0.1397 20.0000
v 7.6000 0.1310 20.8000
v 7.6000 0.1172 21.6000
v 7.6000 0.0985 22.4000
v 7.6000 0.0757 23.2000
v 7.6000 0.0494 24.0000
v 7.6000 0.0205 24.8000
v 7.6000 -0.0103 25.6000
v 7.6000 -0.0240 26.4000
v 7.6000 0.0723 27.2000
v 7.6000 0.2594 28.0000
v 7.6000 0.4982 28.8000
v 7.6000 0.7500 29.6000
v 7.6000 0.9756 30.4000
v 7.6000 1.1359 31.2000
v 7.6000 1.1916 32.0000
v 7.6000 1.1165 32.8000
v 7.6000 0.9375 33.6000
v 7.6000 0.6943 34.4000
v 7.6000 0.4266 35.2000
v 7.6000 0.1741 36.0000
v 7.6000 -0.0240 36.8000
v 7.6000 -0.1284 37.6000
v 7.6000 -0.1195 38.4000
v 7.6000 -0.0902 39.2000
v 7.6000 -0.0592 40.0000
v 7.6000 -0.0276 40.8000
v 7.6000 0.0037 41.6000
v 7.6000 0.0338 42.4000
v 7.6000 0.0617 43.2000
v 7.6000 0.0865 44.0000
v 7.6000 0.1075 44.8000
v 7.6000 0.1240 45.6000
v 7.6000 0.1356 46.4000
v 7.6000 0.1418 47.2000
v 7.6000 1.8025 48.0000
v 7.6000 1.7976 48.8000
v 7.6000 1.7874 49.6000
v 7.6000 1.7721 50.4000
v 7.6000 1.7521 51.2000
v 7.6000 1.7282 52.0000
v 7.6000 1.7010 52.8000
v 7.6000 1.6714 53.6000
v 7.6000 1.6403 54.4000
v 7.6000 1.6086 55.2000
v 7.6000 1.5774 56.0000
v 7.6000 1.5477 56.8000
v 7.6000 1.5202 57.6000
v 7.6000 1.4959 58.4000
v 7.6000 1.4755 59.2000
v 7.6000 1.4597 60.0000
v 7.6000 1.4489 60.8000
v 7.6000 1.4435 61.6000
v 7.6000 -0.2163 62.4000
v 7.6000 -0.2107 63.2000
v 7.6000 -0.1996 64.0000
v 7.6000 -0.1836 64.8000
v 7.6000 -0.1630 65.6000
v 7.6000 -0.1385 66.4000
v 7.6000 -0.1109 67.2000
v 7.6000 -0.0810 68.0000
v 7.6000 -0.0498 68.8000
v 7.6000 -0.0181 69.6000
v 7.6000 0.0129 70.4000
v 7.6000 0.0424 71.2000
v 7.6000 0.0695 72.0000
v 7.6000 0.0932 72.8000
v 7.6000 0.1129 73.6000
v 7.6000 0.1280 74.4000
v 7.6000 0.1380 75.2000
v 7.6000 0.1426 76.0000
v 8.4000 0.0000 -8.0000
v 8.4000 0.0000 -7.2000
v 8.4000 0.0000 -6.4000
v 8.4000 0.0000 -5.6000
v 8.4000 0.0000 -4.8000
v 8.4000 0.0000 -4.0000
v 8.4000 0.0000 -3.2000
v 8.4000 0.0000 -2.4000
v 8.4000 0.0000 -1.6000
v 8.4000 0.0000 -0.8000
v 8.4000 0.0000 0.0000
v 8.4000 0.0000 0.8000
v 8.4000 0.0000 1.6000
v 8.4000 0.0000 2.4000
v 8.4000 0.0000 3.2000
v 8.4000 0.0000 4.0000
v 8.4000 0.0000 4.8000
v 8.4000 0.0000 5.6000
v 8.4000 0.0000 6.4000
v 8.4000 0.0000 7.2000
v 8.4000 0.0000 8.0000
v 8.4000 0.0000 8.8000
v 8.4000 0.0000 9.6000
v 8.4000 0.0000 10.4000
v 8.4000 0.0000 11.2000
v 8.4000 0.0000 12.0000
v 8.4000 -0.0325 12.8000
v 8.4000 -0.0019 13.6000
v 8.4000 0.0267 14.4000
v 8.4000 0.0525 15.2000
v 8.4000 0.0747 16.0000
v 8.4000 0.0927 16.8000
v 8.4000 0.1058 17.6000
v 8.4000 0.1136 18.4000
v 8.4000 0.1160 19.2000
v 8.4000 0.1128 20.0000
v 8.4000 0.1041 20.8000
v 8.4000 0.0903 21.6000
v 8.4000 0.0717 22.4000
v 8.4000 0.0489 23.2000
v 8.4000 0.0226 24.0000
v 8.4000 -0.0064 24.8000
v 8.4000 -0.0372 25.6000
v 8.4000 -0.0509 26.4000
v 8.4000 0.0454 27.2000
v 8.4000 0.2325 28.0000
v 8.4000 0.4714 28.8000
v 8.4000 0.7231 29.6000
v 8.4000 0.9487 30.4000
v 8.4000 1.1090 31.2000
v 8.4000 1.1647 32.0000
v 8.4000 1.0897 32.8000
v 8.4000 0.9106 33.6000
v 8.4000 0.6674 34.4000
v 8.4000 0.3997 35.2000
v 8.4000 0.1472 36.0000
v 8.4000 -0.0509 36.8000
v 8.4000 -0.1553 37.6000
v 8.4000 -0.1463 38.4000
v 8.4000 -0.1170 39.2000
v 8.4000 -0.0861 40.0000
v 8.4000 -0.0545 40.8000
v 8.4000 -0.0232 41.6000
v 8.4000 0.0069 42.4000
v 8.4000 0.0348 43.2000
v 8.4000 0.0596 44.0000
v 8.4000 0.0806 44.8000
v 8.4000 0.0971 45.6000
v 8.4000 0.1087 46.4000
v 8.4000 0.1149 47.2000
v 8.4000 1.8556 48.0000
v 8.4000 1.8508 48.8000
v 8.4000 1.8405 49.6000
v 8.4000 1.8252 50.4000
v 8.4000 1.8052 51.2000
v 8.4000 1.7813 52.0000
v 8.4000 1.7541 52.8000
v 8.4000 1.7245 53.6000
v 8.4000 1.6934 54.4000
v 8.4000 1.6618 55.2000
v 8.4000 1.6306 56.0000
v 8.4000 1.6008 56.8000
v 8.4000 1.5733 57.6000
v 8.4000 1.5490 58.4000
v 8.4000 1.5286 59.2000
v 8.4000 1.5128 60.0000
v 8.4000 1.5020 60.8000
v 8.4000 1.4966 61.6000
v 8.4000 -0.2432 62.4000
v 8.4000 -0.2375 63.2000
v 8.4000 -0.2265 64.0000
v 8.4000 -0.2104 64.8000
v 8.4000 -0.1899 65.6000
v 8.4000 -0.1654 66.4000
v 8.4000 -0.1378 67.2000
v 8.4000 -0.1079 68.0000
v 8.4000 -0.0766 68.8000
v 8.4000 -0.0450 69.6000
v 8.4000 -0.0140 70.4000
v 8.4000 0.0155 71.2000
v 8.4000 0.0426 72.0000
v 8.4000 0.0663 72.8000
v 8.4000 0.0861 73.6000
v 8.4000 0.1012 74.4000
v 8.4000 0.1111 75.2000
v 8.4000 0.1157 76.0000
v 9.2000 0.0000 -8.0000
v 9.2000 0.0000 -7.2000
v 9.2000 0.0000 -6.4000
v 9.2000 0.0000 -5.6000
v 9.2000 0.0000 -4.8000
v 9.2000 0.0000 -4.0000
v 9.2000 0.0000 -3.2000
v 9.2000 0.0000 -2.4000
v 9.2000 0.0000 -1.6000
v 9.2000 0.0000 -0.8000
v 9.2000 0.0000 0.0000
v 9.2000 0.0000 0.8000
v 9.2000 0.0000 1.6000
v 9.2000 0.0000 2.4000
v 9.2000 0.0000 3.2000
v 9.2000 0.0000 4.0000
v 9.2000 0.0000 4.8000
v 9.2000 0.0000 5.6000
v 9.2000 0.0000 6.4000
v 9.2000 0.0000 7.2000
v 9.2000 0.0000 8.0000
v 9.2000 0.0000 8.8000
v 9.2000 0.0000 9.6000
v 9.2000 0.0000 10.4000
v 9.2000 0.0000 11.2000
v 9.2000 0.0000 12.0000
v 9.2000 -0.0554 12.8000
v 9.2000 -0.0249 13.6000
v 9.2000 0.0037 14.4000
v 9.2000 0.0296 15.2000
v 9.2000 0.0518 16.0000
v 9.2000 0.0697 16.8000
v 9.2000 0.0828 17.6000
v 9.2000 0.0907 18.4000
v 9.2000 0.0930 19.2000
v 9.2000 0.0898 20.0000
v 9.2000 0.0812 20.8000
v 9.2000 0.0673 21.6000
v 9.2000 0.0487 22.4000
v 9.2000 0.0259 23.2000
v 9.2000 -0.0004 24.0000
v 9.2000 -0.0294 24.8000
v 9.2000 -0.0601 25.6000
v 9.2000 -0.0739 26.4000
v 9.2000 0.0225 27.2000
v 9.2000 0.2095 28.0000
v 9.2000 0.4484 28.8000
v 9.2000 0.7002 29.6000
v 9.2000 0.9258 30.4000
v 9.2000 1.0861 31.2000
v 9.2000 1.1418 32.0000
v 9.2000 1.0667 32.8000
v 9.2000 0.8876 33.6000
v 9.2000 0.6444 34.4000
v 9.2000 0.3768 35.2000
v 9.2000 0.1242 36.0000
v 9.2000 -0.0738 36.8000
v 9.2000 -0.1782 37.6000
v 9.2000 -0.1693 38.4000
v 9.2000 -0.1400 39.2000
v 9.2000 -0.1091 40.0000
v 9.2000 -0.0774 40.8000
v 9.2000 -0.0461 41.6000
v 9.2000 -0.0161 42.4000
v 9.2000 0.0118 43.2000
v 9.2000 0.0366 44.0000
v 9.2000 0.0576 44.8000
v 9.2000 0.0742 45.6000
v 9.2000 0.0857 46.4000
v 9.2000 0.0920 47.2000
v 9.2000 1.9127 48.0000
v 9.2000 1.9078 48.8000
v 9.2000 1.8976 49.6000
v 9.2000 1.8822 50.4000
v 9.2000 1.8623 51.2000
v 9.2000 1.8383 52.0000
v 9.2000 1.8111 52.8000
v 9.2000 1.7815 53.6000
v 9.2000 1.7504 54.4000
v 9.2000 1.7188 55.2000
v 9.2000 1.6876 56.0000
v 9.2000 1.6578 56.8000
v 9.2000 1.6303 57.6000
v 9.2000 1.6060 58.4000
v 9.2000 1.5857 59.2000
v 9.2000 1.5699 60.0000
v 9.2000 1.5591 60.8000
v 9.2000 1.5537 61.6000
v 9.2000 -0.2662 62.4000
v 9.2000 -0.2605 63.2000
v 9.2000 -0.2495 64.0000
v 9.2000 -0.2334 64.8000
v 9.2000 -0.2128 65.6000
v 9.2000 -0.1883 66.4000
v 9.2000 -0.1607 67.2000
v 9.2000 -0.1308 68.0000
v 9.2000 -0.0996 68.8000
v 9.2000 -0.0680 69.6000
v 9.2000 -0.0369 70.4000
v 9.2000 -0.0074 71.2000
v 9.2000 0.0196 72.0000
v 9.2000 0.0434 72.8000
v 9.2000 0.0631 73.6000
v 9.2000 0.0782 74.4000
v 9.2000 0.0882 75.2000
v 9.2000 0.0928 76.0000
v 10.0000 0.0000 -8.0000
v 10.0000 0.0000 -7.2000
v 10.0000 0.0000 -6.4000
v 10.0000 0.0000 -5.6000
v 10.0000 0.0000 -4.8000
v 10.0000 0.0000 -4.0000
v 10.0000 0.0000 -3.2000
v 10.0000 0.0000 -2.4000
v 10.0000 0.0000 -1.6000
v 10.0000 0.0000 -0.8000
v 10.0000 0.0000 0.0000
v 10.0000 0.0000 0.8000
v 10.0000 0.0000 1.6000
v 10.0000 0.0000 2.4000
v 10.0000 0.0000 3.2000
v 10.0000 0.0000 4.0000
v 10.0000 0.0000 4.8000
v 10.0000 0.0000 5.6000
v 10.0000 0.0000 6.4000
v 10.0000 0.0000 7.2000
v 10.0000 0.0000 8.0000
v 10.0000 0.0000 8.8000
v 10.0000 0.0000 9.6000
v 10.0000 0.0000 10.4000
v 10.0000 0.0000 11.2000
v 10.0000 0.0000 12.0000
v 10.0000 -0.0731 12.8000
v 10.0000 -0.0425 13.6000
v 10.0000 -0.0139 14.4000
v 10.0000 0.0119 15.2000
v 10.0000 0.0341 16.0000
v 10.0000 0.0521 16.8000
v 10.0000 0.0652 17.6000
v 10.0000 0.0730 18.4000
v 10.0000 0.0754 19.2000
v 10.0000 0.0722 20.0000
v 10.0000 0.0635 20.8000
v 10.0000 0.0497 21.6000
v 10.0000 0.0311 22.4000
v 10.0000 0.0083 23.2000
v 10.0000 -0.0180 24.0000
v 10.0000 -0.0470 24.8000
v 10.0000 -0.0778 25.6000
v 10.0000 -0.0915 26.4000
v 10.0000 0.0048 27.2000
v 10.0000 0.1919 28.0000
v 10.0000 0.4308 28.8000
v 10.0000 0.6825 29.6000
v 10.0000 0.9081 30.4000
v 10.0000 1.0684 31.2000
v 10.0000 1.1241 32.0000
v 10.0000 1.0491 32.8000
v 10.0000 0.8700 33.6000
v 10.0000 0.6268 34.4000
v 10.0000 0.3591 35.2000
v 10.0000 0.1066 36.0000
v 10.0000 -0.0915 36.8000
v 10.0000 -0.1959 37.6000
v 10.0000 -0.1869 38.4000
v 10.0000 -0.1576 39.2000
v 10.0000 -0.1267 40.0000
v 10.0000 -0.0951 40.8000
v 10.0000 -0.0638 41.6000
v 10.0000 -0.0337 42.4000
v 10.0000 -0.0058 43.2000
v 10.0000 0.0190 44.0000
v 10.0000 0.0400 44.8000
v 10.0000 0.0565 45.6000
v 10.0000 0.0681 46.4000
v 10.0000 0.0743 47.2000
v 10.0000 1.9750 48.0000
v 10.0000 1.9702 48.8000
v 10.0000 1.9599 49.6000
v 10.0000 1.9446 50.4000
v 10.0000 1.9246 51.2000
v 10.0000 1.9007 52.0000
v 10.0000 1.8735 52.8000
v 10.0000 1.8439 53.6000
v 10.0000 1.8128 54.4000
v 10.0000 1.7812 55.2000
v 10.0000 1.7500 56.0000
v 10.0000 1.7202 56.8000
v 10.0000 1.6927 57.6000
v 10.0000 1.6684 58.4000
v 10.0000 1.6480 59.2000
v 10.0000 1.6322 60.0000
v 10.0000 1.6214 60.8000
v 10.0000 1.6160 61.6000
v 10.0000 -0.2838 62.4000
v 10.0000 -0.2781 63.2000
v 10.0000 -0.2671 64.0000
v 10.0000 -0.2510 64.8000
v 10.0000 -0.2305 65.6000
v 10.0000 -0.2060 66.4000
v 10.0000 -0.1784 67.2000
v 10.0000 -0.1485 68.0000
v 10.0000 -0.1172 68.8000
v 10.0000 -0.0856 69.6000
v 10.0000 -0.0546 70.4000
v 10.0000 -0.0251 71.2000
v 10.0000 0.0020 72.0000
v 10.0000 0.0257 72.8000
v 10.0000 0.0455 73.6000
v 10.0000 0.0606 74.4000
v 10.0000 0.0705 75.2000
v 10.0000 0.0751 76.0000
f 1 108 107
f 1 2 108
f 2 109 108
f 2 3 109
f 3 110 109
f 3 4 110
f 4 111 110
f 4 5 111
f 5 112 111
f 5 6 112
f 6 113 112
f 6 7 113
f 7 114 113
f 7 8 114
f 8 115 114
f 8 9 115
f 9 116 115
f 9 10 116
f 10 117 116
f 10 11 117
f 11 118 117
f 11 12 118
f 12 119 118
f 12 13 119
f 13 120 119
f 13 14 120
f 14 121 120
f 14 15 121
f 15 122 121
f 15 16 122
f 16 123 122
f 16 17 123
f 17 124 123
f 17 18 124
f 18 125 124
f 18 19 125
f 19 126 125
f 19 20 126
f 20 127 126
f 20 21 127
f 21 128 127
f 21 22 128
f 22 129 128
f 22 23 129
f 23 130 129
f 23 24 130
f 24 131 130
f 24 25 131
f 25 132 131
f 25 26 132
f 26 133 132
f 26 27 133
f 27 134 133
f 27 28 134
f 28 135 134
f 28 29 135
f 29 136 135
f 29 30 136
f 30 137 136
f 30 31 137
f 31 138 137
f 31 32 138
f 32 139 138
f 32 33 139
f 33 140 139
f 33 34 140
f 34 141 140
f 34 35 141
f 35 142 141
f 35 36 142
f 36 143 142
f 36 37 143
f 37 144 143
f 37 38 144
f 38 145 144
f 38 39 145
f 39 146 145
f 39 40 146
f 40 147 146
f 40 41 147
f 41 148 147
f 41 42 148
f 42 149 148
f 42 43 149
f 43 150 149
f 43 44 150
f 44 151 150
f 44 45 151
f 45 152 151
f 45 46 152
f 46 153 152
f 46 47 153
f 47 154 153
f 47 48 154
f 48 155 154
f 48 49 155
f 49 156 155
f 49 50 156
f 50 157 156
f 50 51 157
f 51 158 157
f 51 52 158
f 52 159 158
f 52 53 159
f 53 160 159
f 53 54 160
f 54 161 160
f 54 55 161
f 55 162 161
f 55 56 162
f 56 163 162
f 56 57 163
f 57 164 163
f 57 58 164
f 58 165 164
f 58 59 165
f 59 166 165
f 59 60 166
f 60 167 166
f 60 61 167
f 61 168 167
f 61 62 168
f 62 169 168
f 62 63 169
f 63 170 169
f 63 64 170
f 64 171 170
f 64 65 171
f 65 172 171
f 65 66 172
f 66 173 172
f 66 67 173
f 67 174 173
f 67 68 174
f 68 175 174
f 68 69 175
f 69 176 175
f 69 70 176
f 70 177 176
f 70 71 177
f 71 178 177
f 71 72 178
f 72 179 178
f 72 73 179
f 73 180 179
f 73 74 180
f 74 181 180
f 74 75 181
f 75 182 181
f 75 76 182
f 76 183 182
f 76 77 183
f 77 184 183
f 77 78 184
f 78 185 184
f 78 79 185
f 79 186 185
f 79 80 186
f 80 187 186
f 80 81 187
f 81 188 187
f 81 82 188
f 82 189 188
f 82 83 189
f 83 190 189
f 83 84 190
f 84 191 190
f 84 85 191
f 85 192 191
f 85 86 192
f 86 193 192
f 86 87 193
f 87 194 193
f 87 88 194
f 88 195 194
f 88 89 195
f 89 196 195
f 89 90 196
f 90 197 196
f 90 91 197
f 91 198 197
f 91 92 198
f 92 199 198
f 92 93 199
f 93 200 199
f 93 94 200
f 94 201 200
f 94 95 201
f 95 202 201
f 95 96 202
f 96 203 202
f 96 97 203
f 97 204 203
f 97 98 204
f 98 205 204
f 98 99 205
f 99 206 205
f 99 100 206
f 100 207 206
f 100 101 207
f 101 208 207
f 101 102 208
f 102 209 208
f 102 103 209
f 103 210 209
f 103 104 210
f 104 211 210
f 104 105 211
f 105 212 211
f 105 106 212
f 107 214 213
f 107 108 214
f 108 215 214
f 108 109 215
f 109 216 215
f 109 110 216
f 110 217 216
f 110 111 217
f 111 218 217
f 111 112 218
f 112 219 218
f 112 113 219
f 113 220 219
f 113 114 220
f 114 221 220
f 114 115 221
f 115 222 221
f 115 116 222
f 116 223 222
f 116 117 223
f 117 224 223
f 117 118 224
f 118 225 224
f 118 119 225
f 119 226 225
f 119 120 226
f 120 227 226
f 120 121 227
f 121 228 227
f 121 122 228
f 122 229 228
f 122 123 229
f 123 230 229
f 123 124 230
f 124 231 230
f 124 125 231
f 125 232 231
f 125 126 232
f 126 233 232
f 126 127 233
f 127 234 233
f 127 128 234
f 128 235 234
f 128 129 235
f 129 236 235
f 129 130 236
f 130 237 236
f 130 131 237
f 131 238 237
f 131 132 238
f 132 239 238
f 132 133 239
f 133 240 239
f 133 134 240
f 134 241 240
f 134 135 241
f 135 242 241
f 135 136 242
f 136 243 242
f 136 137 243
f 137 244 243
f 137 138 244
f 138 245 244
f 138 139 245
f 139 246 245
f 139 140 246
f 140 247 246
f 140 141 247
f 141 248 247
f 141 142 248
f 142 249 248
f 142 143 249
f 143 250 249
f 143 144 250
f 144 251 250
f 144 145 251
f 145 252 251
f 145 146 252
f 146 253 252
f 146 147 253
f 147 254 253
f 147 148 254
f 148 255 254
f 148 149 255
f 149 256 255
f 149 150 256
f 150 257 256
f 150 151 257
f 151 258 257
f 151 152 258
f 152 259 258
f 152 153 259
f 153 260 259
f 153 154 260
f 154 261 260
f 154 155 261
f 155 262 261
f 155 156 262
f 156 263 262
f 156 157 263
f 157 264 263
f 157 158 264
f 158 265 264
f 158 159 265
f 159 266 265
f 159 160 266
f 160 267 266
f 160 161 267
f 161 268 267
f 161 162 268
f 162 269 268
f 162 163 269
f 163 270 269
f 163 164 270
f 164 271 270
f 164 165 271
f 165 272 271
f 165 166 272
f 166 273 272
f 166 167 273
f 167 274 273
f 167 168 274
f 168 275 274
f 168 169 275
f 169 276 275
f 169 170 276
f 170 277 276
f 170 171 277
f 171 278 277
f 171 172 278
f 172 279 278
f 172 173 279
f 173 280 279
f 173 174 280
f 174 281 280
f 174 175 281
f 175 282 281
f 175 176 282
f 176 283 282
f 176 177 283
f 177 284 283
f 177 178 284
f 178 285 284
f 178 179 285
f 179 286 285
f 179 180 286
f 180 287 286
f 180 181 287
f 181 288 287
f 181 182 288
f 182 289 288
f 182 183 289
f 183 290 289
f 183 184 290
f 184 291 290
f 184 185 291
f 185 292 291
f 185 186 292
f 186 293 292
f 186 187 293
f 187 294 293
f 187 188 294
f 188 295 294
f 188 189 295
f 189 296 295
f 189 190 296
f 190 297 296
f 190 191 297
f 191 298 297
f 191 192 298
f 192 299 298
f 192 193 299
f 193 300 299
f 193 194 300
f 194 301 300
f 194 195 301
f 195 302 301
f 195 196 302
f 196 303 302
f 196 197 303
f 197 304 303
f 197 198 304
f 198 305 304
f 198 199 305
f 199 306 305
f 199 200 306
f 200 307 306
f 200 201 307
f 201 308 307
f 201 202 308
f 202 309 308
f 202 203 309
f 203 310 309
f 203 204 310
f 204 311 310
f 204 205 311
f 205 312 311
f 205 206 312
f 206 313 312
f 206 207 313
f 207 314 313
f 207 208 314
f 208 315 314
f 208 209 315
f 209 316 315
f 209 210 316
f 210 317 316
f 210 211 317
f 211 318 317
f 211 212 318
f 213 320 319
f 213 214 320
f 214 321 320
f 214 215 321
f 215 322 321
f 215 216 322
f 216 323 322
f 216 217 323
f 217 324 323
f 217 218 324
f 218 325 324
f 218 219 325
f 219 326 325
f 219 220 326
f 220 327 326
f 220 221 327
f 221 328 327
f 221 222 328
f 222 329 328
f 222 223 329
f 223 330 329
f 223 224 330
f 224 331 330
f 224 225 331
f 225 332 331
f 225 226 332
f 226 333 332
f 226 227 333
f 227 334 333
f 227 228 334
f 228 335 334
f 228 229 335
f 229 336 335
f 229 230 336
f 230 337 336
f 230 231 337
f 231 338 337
f 231 232 338
f 232 339 338
f 232 233 339
f 233 340 339
f 233 234 340
f 234 341 340
f 234 235 341
f 235 342 341
f 235 236 342
f 236 343 342
f 236 237 343
f 237 344 343
f 237 238 344
f 238 345 344
f 238 239 345
f 239 346 345
f 239 240 346
f 240 347 346
f 240 241 347
f 241 348 347
f 241 242 348
f 242 349 348
f 242 243 349
f 243 350 349
f 243 244 350
f 244 351 350
f 244 245 351
f 245 352 351
f 245 246 352
f 246 353 352
f 246 247 353
f 247 354 353
f 247 248 354
f 248 355 354
f 248 249 355
f 249 356 355
f 249 250 356
f 250 357 356
f 250 251 357
f 251 358 357
f 251 252 358
f 252 359 358
f 252 253 359
f 253 360 359
f 253 254 360
f 254 361 360
f 254 255 361
f 255 362 361
f 255 256 362
f 256 363 362
f 256 257 363
f 257 364 363
f 257 258 364
f 258 365 364
f 258 259 365
f 259 366 365
f 259 260 366
f 260 367 366
f 260 261 367
f 261 368 367
f 261 262 368
f 262 369 368
f 262 263 369
f 263 370 369
f 263 264 370
f 264 371 370
f 264 265 371
f 265 372 371
f 265 266 372
f 266 373 372
f 266 267 373
f 267 374 373
f 267 268 374
f 268 375 374
f 268 269 375
f 269 376 375
f 269 270 376
f 270 377 376
f 270 271 377
f 271 378 377
f 271 272 378
f 272 379 378
f 272 273 379
f 273 380 379
f 273 274 380
f 274 381 380
f 274 275 381
f 275 382 381
f 275 276 382
f 276 383 382
f 276 277 383
f 277 384 383
f 277 278 384
f 278 385 384
f 278 279 385
f 279 386 385
f 279 280 386
f 280 387 386
f 280 281 387
f 281 388 387
f 281 282 388
f 282 389 388
f 282 283 389
f 283 390 389
f 283 284 390
f 284 391 390
f 284 285 391
f 285 392 391
f 285 286 392
f 286 393 392
f 286 287 393
f 287 394 393
f 287 288 394
f 288 395 394
f 288 289 395
f 289 396 395
f 289 290 396
f 290 397 396
f 290 291 397
f 291 398 397
f 291 292 398
f 292 399 398
f 292 293 399
f 293 400 399
f 293 294 400
f 294 401 400
f 294 295 401
f 295 402 401
f 295 296 402
f 296 403 402
f 296 297 403
f 297 404 403
f 297 298 404
f 298 405 404
f 298 299 405
f 299 406 405
f 299 300 406
f 300 407 406
f 300 301 407
f 301 408 407
f 301 302 408
f 302 409 408
f 302 303 409
f 303 410 409
f 303 304 410
f 304 411 410
f 304 305 411
f 305 412 411
f 305 306 412
f 306 413 412
f 306 307 413
f 307 414 413
f 307 308 414
f 308 415 414
f 308 309 415
f 309 416 415
f 309 310 416
f 310 417 416
f 310 311 417
f 311 418 417
f 311 312 418
f 312 419 418
f 312 313 419
f 313 420 419
f 313 314 420
f 314 421 420
f 314 315 421
f 315 422 421
f 315 316 422
f 316 423 422
f 316 317 423
f 317 424 423
f 317 318 424
f 319 426 425
f 319 320 426
f 320 427 426
f 320 321 427
f 321 428 427
f 321 322 428
f 322 429 428
f 322 323 429
f 323 430 429
f 323 324 430
f 324 431 430
f 324 325 431
f 325 432 431
f 325 326 432
f 326 433 432
f 326 327 433
f 327 434 433
f 327 328 434
f 328 435 434
f 328 329 435
f 329 436 435
f 329 330 436
f 330 437 436
f 330 331 437
f 331 438 437
f 331 332 438
f 332 439 438
f 332 333 439
f 333 440 439
f 333 334 440
f 334 441 440
f 334 335 441
f 335 442 441
f 335 336 442
f 336 443 442
f 336 337 443
f 337 444 443
f 337 338 444
f 338 445 444
f 338 339 445
f 339 446 445
f 339 340 446
f 340 447 446
f 340 341 447
f 341 448 447
f 341 342 448
f 342 449 448
f 342 343 449
f 343 450 449
f 343 344 450
f 344 451 450
f 344 345 451
f 345 452 451
f 345 346 452
f 346 453 452
f 346 347 453
f 347 454 453
f 347 348 454
f 348 455 454
f 348 349 455
f 349 456 455
f 349 350 456
f 350 457 456
f 350 351 457
f 351 458 457
f 351 352 458
f 352 459 458
f 352 353 459
f 353 460 459
f 353 354 460
f 354 461 460
f 354 355 461
f 355 462 461
f 355 356 462
f 356 463 462
f 356 357 463
f 357 464 463
f 357 358 464
f 358 465 464
f 358 359 465
f 359 466 465
f 359 360 466
f 360 467 466
f 360 361 467
f 361 468 467
f 361 362 468
f 362 469 468
f 362 363 469
f 363 470 469
f 363 364 470
f 364 471 470
f 364 365 471
f 365 472 471
f 365 366 472
f 366 473 472
f 366 367 473
f 367 474 473
f 367 368 474
f 368 475 474
f 368 369 475
f 369 476 475
f 369 370 476
f 370 477 476
f 370 371 477
f 371 478 477
f 371 372 478
f 372 479 478
f 372 373 479
f 373 480 479
f 373 374 480
f 374 481 480
f 374 375 481
f 375 482 481
f 375 376 482
f 376 483 482
f 376 377 483
f 377 484 483
f 377 378 484
f 378 485 484
f 378 379 485
f 379 486 485
f 379 380 486
f 380 487 486
f 380 381 487
f 381 488 487
f 381 382 488
f 382 489 488
f 382 383 489
f 383 490 489
f 383 384 490
f 384 491 490
f 384 385 491
f 385 492 491
f 385 386 492
f 386 493 492
f 386 387 493
f 387 494 493
f 387 388 494
f 388 495 494
f 388 389 495
f 389 496 495
f 389 390 496
f 390 497 496
f 390 391 497
f 391 498 497
f 391 392 498
f 392 499 498
f 392 393 499
f 393 500 499
f 393 394 500
f 394 501 500
f 394 395 501
f 395 502 501
f 395 396 502
f 396 503 502
f 396 397 503
f 397 504 503
f 397 398 504
f 398 505 504
f 398 399 505
f 399 506 505
f 399 400 506
f 400 507 506
f 400 401 507
f 401 508 507
f 401 402 508
f 402 509 508
f 402 403 509
f 403 510 509
f 403 404 510
f 404 511 510
f 404 405 511
f 405 512 511
f 405 406 512
f 406 513 512
f 406 407 513
f 407 514 513
f 407 408 514
f 408 515 514
f 408 409 515
f 409 516 515
f 409 410 516
f 410 517 516
f 410 411 517
f 411 518 517
f 411 412 518
f 412 519 518
f 412 413 519
f 413 520 519
f 413 414 520
f 414 521 520
f 414 415 521
f 415 522 521
f 415 416 522
f 416 523 522
f 416 417 523
f 417 524 523
f 417 418 524
f 418 525 524
f 418 419 525
f 419 526 525
f 419 420 526
f 420 527 526
f 420 421 527
f 421 528 527
f 421 422 528
f 422 529 528
f 422 423 529
f 423 530 529
f 423 424 530
f 425 532 531
f 425 426 532
f 426 533 532
f 426 427 533
f 427 534 533
f 427 428 534
f 428 535 534
f 428 429 535
f 429 536 535
f 429 430 536
f 430 537 536
f 430 431 537
f 431 538 537
f 431 432 538
f 432 539 538
f 432 433 539
f 433 540 539
f 433 434 540
f 434 541 540
f 434 435 541
f 435 542 541
f 435 436 542
f 436 543 542
f 436 437 543
f 437 544 543
f 437 438 544
f 438 545 544
f 438 439 545
f 439 546 545
f 439 440 546
f 440 547 546
f 440 441 547
f 441 548 547
f 441 442 548
f 442 549 548
f 442 443 549
f 443 550 549
f 443 444 550
f 444 551 550
f 444 445 551
f 445 552 551
f 445 446 552
f 446 553 552
f 446 447 553
f 447 554 553
f 447 448 554
f 448 555 554
f 448 449 555
f 449 556 555
f 449 450 556
f 450 557 556
f 450 451 557
f 451 558 557
f 451 452 558
f 452 559 558
f 452 453 559
f 453 560 559
f 453 454 560
f 454 561 560
f 454 455 561
f 455 562 561
f 455 456 562
f 456 563 562
f 456 457 563
f 457 564 563
f 457 458 564
f 458 565 564
f 458 459 565
f 459 566 565
f 459 460 566
f 460 567 566
f 460 461 567
f 461 568 567
f 461 462 568
f 462 569 568
f 462 463 569
f 463 570 569
f 463 464 570
f 464 571 570
f 464 465 571
f 465 572 571
f 465 466 572
f 466 573 572
f 466 467 573
f 467 574 573
f 467 468 574
f 468 575 574
f 468 469 575
f 469 576 575
f 469 470 576
f 470 577 576
f 470 471 577
f 471 578 577
f 471 472 578
f 472 579 578
f 472 473 579
f 473 580 579
f 473 474 580
f 474 581 580
f 474 475 581
f 475 582 581
f 475 476 582
f 476 583 582
f 476 477 583
f 477 584 583
f 477 478 584
f 478 585 584
f 478 479 585
f 479 586 585
f 479 480 586
f 480 587 586
f 480 481 587
f 481 588 587
f 481 482 588
f 482 589 588
f 482 483 589
f 483 590 589
f 483 484 590
f 484 591 590
f 484 485 591
f 485 592 591
f 485 486 592
f 486 593 592
f 486 487 593
f 487 594 593
f 487 488 594
f 488 595 594
f 488 489 595
f 489 596 595
f 489 490 596
f 490 597 596
f 490 491 597
f 491 598 597
f 491 492 598
f 492 599 598
f 492 493 599
f 493 600 599
f 493 494 600
f 494 601 600
f 494 495 601
f 495 602 601
f 495 496 602
f 496 603 602
f 496 497 603
f 497 604 603
f 497 498 604
f 498 605 604
f 498 499 605
f 499 606 605
f 499 500 606
f 500 607 606
f 500 501 607
f 501 608 607
f 501 502 608
f 502 609 608
f 502 503 609
f 503 610 609
f 503 504 610
f 504 611 610
f 504 505 611
f 505 612 611
f 505 506 612
f 506 613 612
f 506 507 613
f 507 614 613
f 507 508 614
f 508 615 614
f 508 509 615
f 509 616 615
f 509 510 616
f 510 617 616
f 510 511 617
f 511 618 617
f 511 512 618
f 512 619 618
f 512 513 619
f 513 620 619
f 513 514 620
f 514 621 620
f 514 515 621
f 515 622 621
f 515 516 622
f 516 623 622
f 516 517 623
f 517 624 623
f 517 518 624
f 518 625 624
f 518 519 625
f 519 626 625
f 519 520 626
f 520 627 626
f 520 521 627
f 521 628 627
f 521 522 628
f 522 629 628
f 522 523 629
f 523 630 629
f 523 524 630
f 524 631 630
f 524 525 631
f 525 632 631
f 525 526 632
f 526 633 632
f 526 527 633
f 527 634 633
f 527 528 634
f 528 635 634
f 528 529 635
f 529 636 635
f 529 530 636
f 531 638 637
f 531 532 638
f 532 639 638
f 532 533 639
f 533 640 639
f 533 534 640
f 534 641 640
f 534 535 641
f 535 642 641
f 535 536 642
f 536 643 642
f 536 537 643
f 537 644 643
f 537 538 644
f 538 645 644
f 538 539 645
f 539 646 645
f 539 540 646
f 540 647 646
f 540 541 647
f 541 648 647
f 541 542 648
f 542 649 648
f 542 543 649
f 543 650 649
f 543 544 650
f 544 651 650
f 544 545 651
f 545 652 651
f 545 546 652
f 546 653 652
f 546 547 653
f 547 654 653
f 547 548 654
f 548 655 654
f 548 549 655
f 549 656 655
f 549 550 656
f 550 657 656
f 550 551 657
f 551 658 657
f 551 552 658
f 552 659 658
f 552 553 659
f 553 660 659
f 553 554 660
f 554 661 660
f 554 555 661
f 555 662 661
f 555 556 662
f 556 663 662
f 556 557 663
f 557 664 663
f 557 558 664
f 558 665 664
f 558 559 665
f 559 666 665
f 559 560 666
f 560 667 666
f 560 561 667
f 561 668 667
f 561 562 668
f 562 669 668
f 562 563 669
f 563 670 669
f 563 564 670
f 564 671 670
f 564 565 671
f 565 672 671
f 565 566 672
f 566 673 672
f 566 567 673
f 567 674 673
f 567 568 674
f 568 675 674
f 568 569 675
f 569 676 675
f 569 570 676
f 570 677 676
f 570 571 677
f 571 678 677
f 571 572 678
f 572 679 678
f 572 573 679
f 573 680 679
f 573 574 680
f 574 681 680
f 574 575 681
f 575 682 681
f 575 576 682
f 576 683 682
f 576 577 683
f 577 684 683
f 577 578 684
f 578 685 684
f 578 579 685
f 579 686 685
f 579 580 686
f 580 687 686
f 580 581 687
f 581 688 687
f 581 582 688
f 582 689 688
f 582 583 689
f 583 690 689
f 583 584 690
f 584 691 690
f 584 585 691
f 585 692 691
f 585 586 692
f 586 693 692
f 586 587 693
f 587 694 693
f 587 588 694
f 588 695 694
f 588 589 695
f 589 696 695
f 589 590 696
f 590 697 696
f 590 591 697
f 591 698 697
f 591 592 698
f 592 699 698
f 592 593 699
f 593 700 699
f 593 594 700
f 594 701 700
f 594 595 701
f 595 702 701
f 595 596 702
f 596 703 702
f 596 597 703
f 597 704 703
f 597 598 704
f 598 705 704
f 598 599 705
f 599 706 705
f 599 600 706
f 600 707 706
f 600 601 707
f 601 708 707
f 601 602 708
f 602 709 708
f 602 603 709
f 603 710 709
f 603 604 710
f 604 711 710
f 604 605 711
f 605 712 711
f 605 606 712
f 606 713 712
f 606 607 713
f 607 714 713
f 607 608 714
f 608 715 714
f 608 609 715
f 609 716 715
f 609 610 716
f 610 717 716
f 610 611 717
f 611 718 717
f 611 612 718
f 612 719 718
f 612 613 719
f 613 720 719
f 613 614 720
f 614 721 720
f 614 615 721
f 615 722 721
f 615 616 722
f 616 723 722
f 616 617 723
f 617 724 723
f 617 618 724
f 618 725 724
f 618 619 725
f 619 726 725
f 619 620 726
f 620 727 726
f 620 621 727
f 621 728 727
f 621 622 728
f 622 729 728
f 622 623 729
f 623 730 729
f 623 624 730
f 624 731 730
f 624 625 731
f 625 732 731
f 625 626 732
f 626 733 732
f 626 627 733
f 627 734 733
f 627 628 734
f 628 735 734
f 628 629 735
f 629 736 735
f 629 630 736
f 630 737 736
f 630 631 737
f 631 738 737
f 631 632 738
f 632 739 738
f 632 633 739
f 633 740 739
f 633 634 740
f 634 741 740
f 634 635 741
f 635 742 741
f 635 636 742
f 637 744 743
f 637 638 744
f 638 745 744
f 638 639 745
f 639 746 745
f 639 640 746
f 640 747 746
f 640 641 747
f 641 748 747
f 641 642 748
f 642 749 748
f 642 643 749
f 643 750 749
f 643 644 750
f 644 751 750
f 644 645 751
f 645 752 751
f 645 646 752
f 646 753 752
f 646 647 753
f 647 754 753
f 647 648 754
f 648 755 754
f 648 649 755
f 649 756 755
f 649 650 756
f 650 757 756
f 650 651 757
f 651 758 757
f 651 652 758
f 652 759 758
f 652 653 759
f 653 760 759
f 653 654 760
f 654 761 760
f 654 655 761
f 655 762 761
f 655 656 762
f 656 763 762
f 656 657 763
f 657 764 763
f 657 658 764
f 658 765 764
f 658 659 765
f 659 766 765
f 659 660 766
f 660 767 766
f 660 661 767
f 661 768 767
f 661 662 768
f 662 769 768
f 662 663 769
f 663 770 769
f 663 664 770
f 664 771 770
f 664 665 771
f 665 772 771
f 665 666 772
f 666 773 772
f 666 667 773
f 667 774 773
f 667 668 774
f 668 775 774
f 668 669 775
f 669 776 775
f 669 670 776
f 670 777 776
f 670 671 777
f 671 778 777
f 671 672 778
f 672 779 778
f 672 673 779
f 673 780 779
f 673 674 780
f 674 781 780
f 674 675 781
f 675 782 781
f 675 676 782
f 676 783 782
f 676 677 783
f 677 784 783
f 677 678 784
f 678 785 784
f 678 679 785
f 679 786 785
f 679 680 786
f 680 787 786
f 680 681 787
f 681 788 787
f 681 682 788
f 682 789 788
f 682 683 789
f 683 790 789
f 683 684 790
f 684 791 790
f 684 685 791
f 685 792 791
f 685 686 792
f 686 793 792
f 686 687 793
f 687 794 793
f 687 688 794
f 688 795 794
f 688 689 795
f 689 796 795
f 689 690 796
f 690 797 796
f 690 691 797
f 691 798 797
f 691 692 798
f 692 799 798
f 692 693 799
f 693 800 799
f 693 694 800
f 694 801 800
f 694 695 801
f 695 802 801
f 695 696 802
f 696 803 802
f 696 697 803
f 697 804 803
f 697 698 804
f 698 805 804
f 698 699 805
f 699 806 805
f 699 700 806
f 700 807 806
f 700 701 807
f 701 808 807
f 701 702 808
f 702 809 808
f 702 703 809
f 703 810 809
f 703 704 810
f 704 811 810
f 704 705 811
f 705 812 811
f 705 706 812
f 706 813 812
f 706 707 813
f 707 814 813
f 707 708 814
f 708 815 814
f 708 709 815
f 709 816 815
f 709 710 816
f 710 817 816
f 710 711 817
f 711 818 817
f 711 712 818
f 712 819 818
f 712 713 819
f 713 820 819
f 713 714 820
f 714 821 820
f 714 715 821
f 715 822 821
f 715 716 822
f 716 823 822
f 716 717 823
f 717 824 823
f 717 718 824
f 718 825 824
f 718 719 825
f 719 826 825
f 719 720 826
f 720 827 826
f 720 721 827
f 721 828 827
f 721 722 828
f 722 829 828
f 722 723 829
f 723 830 829
f 723 724 830
f 724 831 830
f 724 725 831
f 725 832 831
f 725 726 832
f 726 833 832
f 726 727 833
f 727 834 833
f 727 728 834
f 728 835 834
f 728 729 835
f 729 836 835
f 729 730 836
f 730 837 836
f 730 731 837
f 731 838 837
f 731 732 838
f 732 839 838
f 732 733 839
f 733 840 839
f 733 734 840
f 734 841 840
f 734 735 841
f 735 842 841
f 735 736 842
f 736 843 842
f 736 737 843
f 737 844 843
f 737 738 844
f 738 845 844
f 738 739 845
f 739 846 845
f 739 740 846
f 740 847 846
f 740 741 847
f 741 848 847
f 741 742 848
f 743 850 849
f 743 744 850
f 744 851 850
f 744 745 851
f 745 852 851
f 745 746 852
f 746 853 852
f 746 747 853
f 747 854 853
f 747 748 854
f 748 855 854
f 748 749 855
f 749 856 855
f 749 750 856
f 750 857 856
f 750 751 857
f 751 858 857
f 751 752 858
f 752 859 858
f 752 753 859
f 753 860 859
f 753 754 860
f 754 861 860
f 754 755 861
f 755 862 861
f 755 756 862
f 756 863 862
f 756 757 863
f 757 864 863
f 757 758 864
f 758 865 864
f 758 759 865
f 759 866 865
f 759 760 866
f 760 867 866
f 760 761 867
f 761 868 867
f 761 762 868
f 762 869 868
f 762 763 869
f 763 870 869
f 763 764 870
f 764 871 870
f 764 765 871
f 765 872 871
f 765 766 872
f 766 873 872
f 766 767 873
f 767 874 873
f 767 768 874
f 768 875 874
f 768 769 875
f 769 876 875
f 769 770 876
f 770 877 876
f 770 771 877
f 771 878 877
f 771 772 878
f 772 879 878
f 772 773 879
f 773 880 879
f 773 774 880
f 774 881 880
f 774 775 881
f 775 882 881
f 775 776 882
f 776 883 882
f 776 777 883
f 777 884 883
f 777 778 884
f 778 885 884
f 778 779 885
f 779 886 885
f 779 780 886
f 780 887 886
f 780 781 887
f 781 888 887
f 781 782 888
f 782 889 888
f 782 783 889
f 783 890 889
f 783 784 890
f 784 891 890
f 784 785 891
f 785 892 891
f 785 786 892
f 786 893 892
f 786 787 893
f 787 894 893
f 787 788 894
f 788 895 894
f 788 789 895
f 789 896 895
f 789 790 896
f 790 897 896
f 790 791 897
f 791 898 897
f 791 792 898
f 792 899 898
f 792 793 899
f 793 900 899
f 793 794 900
f 794 901 900
f 794 795 901
f 795 902 901
f 795 796 902
f 796 903 902
f 796 797 903
f 797 904 903
f 797 798 904
f 798 905 904
f 798 799 905
f 799 906 905
f 799 800 906
f 800 907 906
f 800 801 907
f 801 908 907
f 801 802 908
f 802 909 908
f 802 803 909
f 803 910 909
f 803 804 910
f 804 911 910
f 804 805 911
f 805 912 911
f 805 806 912
f 806 913 912
f 806 807 913
f 807 914 913
f 807 808 914
f 808 915 914
f 808 809 915
f 809 916 915
f 809 810 916
f 810 917 916
f 810 811 917
f 811 918 917
f 811 812 918
f 812 919 918
f 812 813 919
f 813 920 919
f 813 814 920
f 814 921 920
f 814 815 921
f 815 922 921
f 815 816 922
f 816 923 922
f 816 817 923
f 817 924 923
f 817 818 924
f 818 925 924
f 818 819 925
f 819 926 925
f 819 820 926
f 820 927 926
f 820 821 927
f 821 928 927
f 821 822 928
f 822 929 928
f 822 823 929
f 823 930 929
f 823 824 930
f 824 931 930
f 824 825 931
f 825 932 931
f 825 826 932
f 826 933 932
f 826 827 933
f 827 934 933
f 827 828 934
f 828 935 934
f 828 829 935
f 829 936 935
f 829 830 936
f 830 937 936
f 830 831 937
f 831 938 937
f 831 832 938
f 832 939 938
f 832 833 939
f 833 940 939
f 833 834 940
f 834 941 940
f 834 835 941
f 835 942 941
f 835 836 942
f 836 943 942
f 836 837 943
f 837 944 943
f 837 838 944
f 838 945 944
f 838 839 945
f 839 946 945
f 839 840 946
f 840 947 946
f 840 841 947
f 841 948 947
f 841 842 948
f 842 949 948
f 842 843 949
f 843 950 949
f 843 844 950
f 844 951 950
f 844 845 951
f 845 952 951
f 845 846 952
f 846 953 952
f 846 847 953
f 847 954 953
f 847 848 954
f 849 956 955
f 849 850 956
f 850 957 956
f 850 851 957
f 851 958 957
f 851 852 958
f 852 959 958
f 852 853 959
f 853 960 959
f 853 854 960
f 854 961 960
f 854 855 961
f 855 962 961
f 855 856 962
f 856 963 962
f 856 857 963
f 857 964 963
f 857 858 964
f 858 965 964
f 858 859 965
f 859 966 965
f 859 860 966
f 860 967 966
f 860 861 967
f 861 968 967
f 861 862 968
f 862 969 968
f 862 863 969
f 863 970 969
f 863 864 970
f 864 971 970
f 864 865 971
f 865 972 971
f 865 866 972
f 866 973 972
f 866 867 973
f 867 974 973
f 867 868 974
f 868 975 974
f 868 869 975
f 869 976 975
f 869 870 976
f 870 977 976
f 870 871 977
f 871 978 977
f 871 872 978
f 872 979 978
f 872 873 979
f 873 980 979
f 873 874 980
f 874 981 980
f 874 875 981
f 875 982 981
f 875 876 982
f 876 983 982
f 876 877 983
f 877 984 983
f 877 878 984
f 878 985 984
f 878 879 985
f 879 986 985
f 879 880 986
f 880 987 986
f 880 881 987
f 881 988 987
f 881 882 988
f 882 989 988
f 882 883 989
f 883 990 989
f 883 884 990
f 884 991 990
f 884 885 991
f 885 992 991
f 885 886 992
f 886 993 992
f 886 887 993
f 887 994 993
f 887 888 994
f 888 995 994
f 888 889 995
f 889 996 995
f 889 890 996
f 890 997 996
f 890 891 997
f 891 998 997
f 891 892 998
f 892 999 998
f 892 893 999
f 893 1000 999
f 893 894 1000
f 894 1001 1000
f 894 895 1001
f 895 1002 1001
f 895 896 1002
f 896 1003 1002
f 896 897 1003
f 897 1004 1003
f 897 898 1004
f 898 1005 1004
f 898 899 1005
f 899 1006 1005
f 899 900 1006
f 900 1007 1006
f 900 901 1007
f 901 1008 1007
f 901 902 1008
f 902 1009 1008
f 902 903 1009
f 903 1010 1009
f 903 904 1010
f 904 1011 1010
f 904 905 1011
f 905 1012 1011
f 905 906 1012
f 906 1013 1012
f 906 907 1013
f 907 1014 1013
f 907 908 1014
f 908 1015 1014
f 908 909 1015
f 909 1016 1015
f 909 910 1016
f 910 1017 1016
f 910 911 1017
f 911 1018 1017
f 911 912 1018
f 912 1019 1018
f 912 913 1019
f 913 1020 1019
f 913 914 1020
f 914 1021 1020
f 914 915 1021
f 915 1022 1021
f 915 916 1022
f 916 1023 1022
f 916 917 1023
f 917 1024 1023
f 917 918 1024
f 918 1025 1024
f 918 919 1025
f 919 1026 1025
f 919 920 1026
f 920 1027 1026
f 920 921 1027
f 921 1028 1027
f 921 922 1028
f 922 1029 1028
f 922 923 1029
f 923 1030 1029
f 923 924 1030
f 924 1031 1030
f 924 925 1031
f 925 1032 1031
f 925 926 1032
f 926 1033 1032
f 926 927 1033
f 927 1034 1033
f 927 928 1034
f 928 1035 1034
f 928 929 1035
f 929 1036 1035
f 929 930 1036
f 930 1037 1036
f 930 931 1037
f 931 1038 1037
f 931 932 1038
f 932 1039 1038
f 932 933 1039
f 933 1040 1039
f 933 934 1040
f 934 1041 1040
f 934 935 1041
f 935 1042 1041
f 935 936 1042
f 936 1043 1042
f 936 937 1043
f 937 1044 1043
f 937 938 1044
f 938 1045 1044
f 938 939 1045
f 939 1046 1045
f 939 940 1046
f 940 1047 1046
f 940 941 1047
f 941 1048 1047
f 941 942 1048
f 942 1049 1048
f 942 943 1049
f 943 1050 1049
f 943 944 1050
f 944 1051 1050
f 944 945 1051
f 945 1052 1051
f 945 946 1052
f 946 1053 1052
f 946 947 1053
f 947 1054 1053
f 947 948 1054
f 948 1055 1054
f 948 949 1055
f 949 1056 1055
f 949 950 1056
f 950 1057 1056
f 950 951 1057
f 951 1058 1057
f 951 952 1058
f 952 1059 1058
f 952 953 1059
f 953 1060 1059
f 953 954 1060
f 955 1062 1061
f 955 956 1062
f 956 1063 1062
f 956 957 1063
f 957 1064 1063
f 957 958 1064
f 958 1065 1064
f 958 959 1065
f 959 1066 1065
f 959 960 1066
f 960 1067 1066
f 960 961 1067
f 961 1068 1067
f 961 962 1068
f 962 1069 1068
f 962 963 1069
f 963 1070 1069
f 963 964 1070
f 964 1071 1070
f 964 965 1071
f 965 1072 1071
f 965 966 1072
f 966 1073 1072
f 966 967 1073
f 967 1074 1073
f 967 968 1074
f 968 1075 1074
f 968 969 1075
f 969 1076 1075
f 969 970 1076
f 970 1077 1076
f 970 971 1077
f 971 1078 1077
f 971 972 1078
f 972 1079 1078
f 972 973 1079
f 973 1080 1079
f 973 974 1080
f 974 1081 1080
f 974 975 1081
f 975 1082 1081
f 975 976 1082
f 976 1083 1082
f 976 977 1083
f 977 1084 1083
f 977 978 1084
f 978 1085 1084
f 978 979 1085
f 979 1086 1085
f 979 980 1086
f 980 1087 1086
f 980 981 1087
f 981 1088 1087
f 981 982 1088
f 982 1089 1088
f 982 983 1089
f 983 1090 1089
f 983 984 1090
f 984 1091 1090
f 984 985 1091
f 985 1092 1091
f 985 986 1092
f 986 1093 1092
f 986 987 1093
f 987 1094 1093
f 987 988 1094
f 988 1095 1094
f 988 989 1095
f 989 1096 1095
f 989 990 1096
f 990 1097 1096
f 990 991 1097
f 991 1098 1097
f 991 992 1098
f 992 1099 1098
f 992 993 1099
f 993 1100 1099
f 993 994 1100
f 994 1101 1100
f 994 995 1101
f 995 1102 1101
f 995 996 1102
f 996 1103 1102
f 996 997 1103
f 997 1104 1103
f 997 998 1104
f 998 1105 1104
f 998 999 1105
f 999 1106 1105
f 999 1000 1106
f 1000 1107 1106
f 1000 1001 1107
f 1001 1108 1107
f 1001 1002 1108
f 1002 1109 1108
f 1002 1003 1109
f 1003 1110 1109
f 1003 1004 1110
f 1004 1111 1110
f 1004 1005 1111
f 1005 1112 1111
f 1005 1006 1112
f 1006 1113 1112
f 1006 1007 1113
f 1007 1114 1113
f 1007 1008 1114
f 1008 1115 1114
f 1008 1009 1115
f 1009 1116 1115
f 1009 1010 1116
f 1010 1117 1116
f 1010 1011 1117
f 1011 1118 1117
f 1011 1012 1118
f 1012 1119 1118
f 1012 1013 1119
f 1013 1120 1119
f 1013 1014 1120
f 1014 1121 1120
f 1014 1015 1121
f 1015 1122 1121
f 1015 1016 1122
f 1016 1123 1122
f 1016 1017 1123
f 1017 1124 1123
f 1017 1018 1124
f 1018 1125 1124
f 1018 1019 1125
f 1019 1126 1125
f 1019 1020 1126
f 1020 1127 1126
f 1020 1021 1127
f 1021 1128 1127
f 1021 1022 1128
f 1022 1129 1128
f 1022 1023 1129
f 1023 1130 1129
f 1023 1024 1130
f 1024 1131 1130
f 1024 1025 1131
f 1025 1132 1131
f 1025 1026 1132
f 1026 1133 1132
f 1026 1027 1133
f 1027 1134 1133
f 1027 1028 1134
f 1028 1135 1134
f 1028 1029 1135
f 1029 1136 1135
f 1029 1030 1136
f 1030 1137 1136
f 1030 1031 1137
f 1031 1138 1137
f 1031 1032 1138
f 1032 1139 1138
f 1032 1033 1139
f 1033 1140 1139
f 1033 1034 1140
f 1034 1141 1140
f 1034 1035 1141
f 1035 1142 1141
f 1035 1036 1142
f 1036 1143 1142
f 1036 1037 1143
f 1037 1144 1143
f 1037 1038 1144
f 1038 1145 1144
f 1038 1039 1145
f 1039 1146 1145
f 1039 1040 1146
f 1040 1147 1146
f 1040 1041 1147
f 1041 1148 1147
f 1041 1042 1148
f 1042 1149 1148
f 1042 1043 1149
f 1043 1150 1149
f 1043 1044 1150
f 1044 1151 1150
f 1044 1045 1151
f 1045 1152 1151
f 1045 1046 1152
f 1046 1153 1152
f 1046 1047 1153
f 1047 1154 1153
f 1047 1048 1154
f 1048 1155 1154
f 1048 1049 1155
f 1049 1156 1155
f 1049 1050 1156
f 1050 1157 1156
f 1050 1051 1157
f 1051 1158 1157
f 1051 1052 1158
f 1052 1159 1158
f 1052 1053 1159
f 1053 1160 1159
f 1053 1054 1160
f 1054 1161 1160
f 1054 1055 1161
f 1055 1162 1161
f 1055 1056 1162
f 1056 1163 1162
f 1056 1057 1163
f 1057 1164 1163
f 1057 1058 1164
f 1058 1165 1164
f 1058 1059 1165
f 1059 1166 1165
f 1059 1060 1166
f 1061 1168 1167
f 1061 1062 1168
f 1062 1169 1168
f 1062 1063 1169
f 1063 1170 1169
f 1063 1064 1170
f 1064 1171 1170
f 1064 1065 1171
f 1065 1172 1171
f 1065 1066 1172
f 1066 1173 1172
f 1066 1067 1173
f 1067 1174 1173
f 1067 1068 1174
f 1068 1175 1174
f 1068 1069 1175
f 1069 1176 1175
f 1069 1070 1176
f 1070 1177 1176
f 1070 1071 1177
f 1071 1178 1177
f 1071 1072 1178
f 1072 1179 1178
f 1072 1073 1179
f 1073 1180 1179
f 1073 1074 1180
f 1074 1181 1180
f 1074 1075 1181
f 1075 1182 1181
f 1075 1076 1182
f 1076 1183 1182
f 1076 1077 1183
f 1077 1184 1183
f 1077 1078 1184
f 1078 1185 1184
f 1078 1079 1185
f 1079 1186 1185
f 1079 1080 1186
f 1080 1187 1186
f 1080 1081 1187
f 1081 1188 1187
f 1081 1082 1188
f 1082 1189 1188
f 1082 1083 1189
f 1083 1190 1189
f 1083 1084 1190
f 1084 1191 1190
f 1084 1085 1191
f 1085 1192 1191
f 1085 1086 1192
f 1086 1193 1192
f 1086 1087 1193
f 1087 1194 1193
f 1087 1088 1194
f 1088 1195 1194
f 1088 1089 1195
f 1089 1196 1195
f 1089 1090 1196
f 1090 1197 1196
f 1090 1091 1197
f 1091 1198 1197
f 1091 1092 1198
f 1092 1199 1198
f 1092 1093 1199
f 1093 1200 1199
f 1093 1094 1200
f 1094 1201 1200
f 1094 1095 1201
f 1095 1202 1201
f 1095 1096 1202
f 1096 1203 1202
f 1096 1097 1203
f 1097 1204 1203
f 1097 1098 1204
f 1098 1205 1204
f 1098 1099 1205
f 1099 1206 1205
f 1099 1100 1206
f 1100 1207 1206
f 1100 1101 1207
f 1101 1208 1207
f 1101 1102 1208
f 1102 1209 1208
f 1102 1103 1209
f 1103 1210 1209
f 1103 1104 1210
f 1104 1211 1210
f 1104 1105 1211
f 1105 1212 1211
f 1105 1106 1212
f 1106 1213 1212
f 1106 1107 1213
f 1107 1214 1213
f 1107 1108 1214
f 1108 1215 1214
f 1108 1109 1215
f 1109 1216 1215
f 1109 1110 1216
f 1110 1217 1216
f 1110 1111 1217
f 1111 1218 1217
f 1111 1112 1218
f 1112 1219 1218
f 1112 1113 1219
f 1113 1220 1219
f 1113 1114 1220
f 1114 1221 1220
f 1114 1115 1221
f 1115 1222 1221
f 1115 1116 1222
f 1116 1223 1222
f 1116 1117 1223
f 1117 1224 1223
f 1117 1118 1224
f 1118 1225 1224
f 1118 1119 1225
f 1119 1226 1225
f 1119 1120 1226
f 1120 1227 1226
f 1120 1121 1227
f 1121 1228 1227
f 1121 1122 1228
f 1122 1229 1228
f 1122 1123 1229
f 1123 1230 1229
f 1123 1124 1230
f 1124 1231 1230
f 1124 1125 1231
f 1125 1232 1231
f 1125 1126 1232
f 1126 1233 1232
f 1126 1127 1233
f 1127 1234 1233
f 1127 1128 1234
f 1128 1235 1234
f 1128 1129 1235
f 1129 1236 1235
f 1129 1130 1236
f 1130 1237 1236
f 1130 1131 1237
f 1131 1238 1237
f 1131 1132 1238
f 1132 1239 1238
f 1132 1133 1239
f 1133 1240 1239
f 1133 1134 1240
f 1134 1241 1240
f 1134 1135 1241
f 1135 1242 1241
f 1135 1136 1242
f 1136 1243 1242
f 1136 1137 1243
f 1137 1244 1243
f 1137 1138 1244
f 1138 1245 1244
f 1138 1139 1245
f 1139 1246 1245
f 1139 1140 1246
f 1140 1247 1246
f 1140 1141 1247
f 1141 1248 1247
f 1141 1142 1248
f 1142 1249 1248
f 1142 1143 1249
f 1143 1250 1249
f 1143 1144 1250
f 1144 1251 1250
f 1144 1145 1251
f 1145 1252 1251
f 1145 1146 1252
f 1146 1253 1252
f 1146 1147 1253
f 1147 1254 1253
f 1147 1148 1254
f 1148 1255 1254
f 1148 1149 1255
f 1149 1256 1255
f 1149 1150 1256
f 1150 1257 1256
f 1150 1151 1257
f 1151 1258 1257
f 1151 1152 1258
f 1152 1259 1258
f 1152 1153 1259
f 1153 1260 1259
f 1153 1154 1260
f 1154 1261 1260
f 1154 1155 1261
f 1155 1262 1261
f 1155 1156 1262
f 1156 1263 1262
f 1156 1157 1263
f 1157 1264 1263
f 1157 1158 1264
f 1158 1265 1264
f 1158 1159 1265
f 1159 1266 1265
f 1159 1160 1266
f 1160 1267 1266
f 1160 1161 1267
f 1161 1268 1267
f 1161 1162 1268
f 1162 1269 1268
f 1162 1163 1269
f 1163 1270 1269
f 1163 1164 1270
f 1164 1271 1270
f 1164 1165 1271
f 1165 1272 1271
f 1165 1166 1272
f 1167 1274 1273
f 1167 1168 1274
f 1168 1275 1274
f 1168 1169 1275
f 1169 1276 1275
f 1169 1170 1276
f 1170 1277 1276
f 1170 1171 1277
f 1171 1278 1277
f 1171 1172 1278
f 1172 1279 1278
f 1172 1173 1279
f 1173 1280 1279
f 1173 1174 1280
f 1174 1281 1280
f 1174 1175 1281
f 1175 1282 1281
f 1175 1176 1282
f 1176 1283 1282
f 1176 1177 1283
f 1177 1284 1283
f 1177 1178 1284
f 1178 1285 1284
f 1178 1179 1285
f 1179 1286 1285
f 1179 1180 1286
f 1180 1287 1286
f 1180 1181 1287
f 1181 1288 1287
f 1181 1182 1288
f 1182 1289 1288
f 1182 1183 1289
f 1183 1290 1289
f 1183 1184 1290
f 1184 1291 1290
f 1184 1185 1291
f 1185 1292 1291
f 1185 1186 1292
f 1186 1293 1292
f 1186 1187 1293
f 1187 1294 1293
f 1187 1188 1294
f 1188 1295 1294
f 1188 1189 1295
f 1189 1296 1295
f 1189 1190 1296
f 1190 1297 1296
f 1190 1191 1297
f 1191 1298 1297
f 1191 1192 1298
f 1192 1299 1298
f 1192 1193 1299
f 1193 1300 1299
f 1193 1194 1300
f 1194 1301 1300
f 1194 1195 1301
f 1195 1302 1301
f 1195 1196 1302
f 1196 1303 1302
f 1196 1197 1303
f 1197 1304 1303
f 1197 1198 1304
f 1198 1305 1304
f 1198 1199 1305
f 1199 1306 1305
f 1199 1200 1306
f 1200 1307 1306
f 1200 1201 1307
f 1201 1308 1307
f 1201 1202 1308
f 1202 1309 1308
f 1202 1203 1309
f 1203 1310 1309
f 1203 1204 1310
f 1204 1311 1310
f 1204 1205 1311
f 1205 1312 1311
f 1205 1206 1312
f 1206 1313 1312
f 1206 1207 1313
f 1207 1314 1313
f 1207 1208 1314
f 1208 1315 1314
f 1208 1209 1315
f 1209 1316 1315
f 1209 1210 1316
f 1210 1317 1316
f 1210 1211 1317
f 1211 1318 1317
f 1211 1212 1318
f 1212 1319 1318
f 1212 1213 1319
f 1213 1320 1319
f 1213 1214 1320
f 1214 1321 1320
f 1214 1215 1321
f 1215 1322 1321
f 1215 1216 1322
f 1216 1323 1322
f 1216 1217 1323
f 1217 1324 1323
f 1217 1218 1324
f 1218 1325 1324
f 1218 1219 1325
f 1219 1326 1325
f 1219 1220 1326
f 1220 1327 1326
f 1220 1221 1327
f 1221 1328 1327
f 1221 1222 1328
f 1222 1329 1328
f 1222 1223 1329
f 1223 1330 1329
f 1223 1224 1330
f 1224 1331 1330
f 1224 1225 1331
f 1225 1332 1331
f 1225 1226 1332
f 1226 1333 1332
f 1226 1227 1333
f 1227 1334 1333
f 1227 1228 1334
f 1228 1335 1334
f 1228 1229 1335
f 1229 1336 1335
f 1229 1230 1336
f 1230 1337 1336
f 1230 1231 1337
f 1231 1338 1337
f 1231 1232 1338
f 1232 1339 1338
f 1232 1233 1339
f 1233 1340 1339
f 1233 1234 1340
f 1234 1341 1340
f 1234 1235 1341
f 1235 1342 1341
f 1235 1236 1342
f 1236 1343 1342
f 1236 1237 1343
f 1237 1344 1343
f 1237 1238 1344
f 1238 1345 1344
f 1238 1239 1345
f 1239 1346 1345
f 1239 1240 1346
f 1240 1347 1346
f 1240 1241 1347
f 1241 1348 1347
f 1241 1242 1348
f 1242 1349 1348
f 1242 1243 1349
f 1243 1350 1349
f 1243 1244 1350
f 1244 1351 1350
f 1244 1245 1351
f 1245 1352 1351
f 1245 1246 1352
f 1246 1353 1352
f 1246 1247 1353
f 1247 1354 1353
f 1247 1248 1354
f 1248 1355 1354
f 1248 1249 1355
f 1249 1356 1355
f 1249 1250 1356
f 1250 1357 1356
f 1250 1251 1357
f 1251 1358 1357
f 1251 1252 1358
f 1252 1359 1358
f 1252 1253 1359
f 1253 1360 1359
f 1253 1254 1360
f 1254 1361 1360
f 1254 1255 1361
f 1255 1362 1361
f 1255 1256 1362
f 1256 1363 1362
f 1256 1257 1363
f 1257 1364 1363
f 1257 1258 1364
f 1258 1365 1364
f 1258 1259 1365
f 1259 1366 1365
f 1259 1260 1366
f 1260 1367 1366
f 1260 1261 1367
f 1261 1368 1367
f 1261 1262 1368
f 1262 1369 1368
f 1262 1263 1369
f 1263 1370 1369
f 1263 1264 1370
f 1264 1371 1370
f 1264 1265 1371
f 1265 1372 1371
f 1265 1266 1372
f 1266 1373 1372
f 1266 1267 1373
f 1267 1374 1373
f 1267 1268 1374
f 1268 1375 1374
f 1268 1269 1375
f 1269 1376 1375
f 1269 1270 1376
f 1270 1377 1376
f 1270 1271 1377
f 1271 1378 1377
f 1271 1272 1378
f 1273 1380 1379
f 1273 1274 1380
f 1274 1381 1380
f 1274 1275 1381
f 1275 1382 1381
f 1275 1276 1382
f 1276 1383 1382
f 1276 1277 1383
f 1277 1384 1383
f 1277 1278 1384
f 1278 1385 1384
f 1278 1279 1385
f 1279 1386 1385
f 1279 1280 1386
f 1280 1387 1386
f 1280 1281 1387
f 1281 1388 1387
f 1281 1282 1388
f 1282 1389 1388
f 1282 1283 1389
f 1283 1390 1389
f 1283 1284 1390
f 1284 1391 1390
f 1284 1285 1391
f 1285 1392 1391
f 1285 1286 1392
f 1286 1393 1392
f 1286 1287 1393
f 1287 1394 1393
f 1287 1288 1394
f 1288 1395 1394
f 1288 1289 1395
f 1289 1396 1395
f 1289 1290 1396
f 1290 1397 1396
f 1290 1291 1397
f 1291 1398 1397
f 1291 1292 1398
f 1292 1399 1398
f 1292 1293 1399
f 1293 1400 1399
f 1293 1294 1400
f 1294 1401 1400
f 1294 1295 1401
f 1295 1402 1401
f 1295 1296 1402
f 1296 1403 1402
f 1296 1297 1403
f 1297 1404 1403
f 1297 1298 1404
f 1298 1405 1404
f 1298 1299 1405
f 1299 1406 1405
f 1299 1300 1406
f 1300 1407 1406
f 1300 1301 1407
f 1301 1408 1407
f 1301 1302 1408
f 1302 1409 1408
f 1302 1303 1409
f 1303 1410 1409
f 1303 1304 1410
f 1304 1411 1410
f 1304 1305 1411
f 1305 1412 1411
f 1305 1306 1412
f 1306 1413 1412
f 1306 1307 1413
f 1307 1414 1413
f 1307 1308 1414
f 1308 1415 1414
f 1308 1309 1415
f 1309 1416 1415
f 1309 1310 1416
f 1310 1417 1416
f 1310 1311 1417
f 1311 1418 1417
f 1311 1312 1418
f 1312 1419 1418
f 1312 1313 1419
f 1313 1420 1419
f 1313 1314 1420
f 1314 1421 1420
f 1314 1315 1421
f 1315 1422 1421
f 1315 1316 1422
f 1316 1423 1422
f 1316 1317 1423
f 1317 1424 1423
f 1317 1318 1424
f 1318 1425 1424
f 1318 1319 1425
f 1319 1426 1425
f 1319 1320 1426
f 1320 1427 1426
f 1320 1321 1427
f 1321 1428 1427
f 1321 1322 1428
f 1322 1429 1428
f 1322 1323 1429
f 1323 1430 1429
f 1323 1324 1430
f 1324 1431 1430
f 1324 1325 1431
f 1325 1432 1431
f 1325 1326 1432
f 1326 1433 1432
f 1326 1327 1433
f 1327 1434 1433
f 1327 1328 1434
f 1328 1435 1434
f 1328 1329 1435
f 1329 1436 1435
f 1329 1330 1436
f 1330 1437 1436
f 1330 1331 1437
f 1331 1438 1437
f 1331 1332 1438
f 1332 1439 1438
f 1332 1333 1439
f 1333 1440 1439
f 1333 1334 1440
f 1334 1441 1440
f 1334 1335 1441
f 1335 1442 1441
f 1335 1336 1442
f 1336 1443 1442
f 1336 1337 1443
f 1337 1444 1443
f 1337 1338 1444
f 1338 1445 1444
f 1338 1339 1445
f 1339 1446 1445
f 1339 1340 1446
f 1340 1447 1446
f 1340 1341 1447
f 1341 1448 1447
f 1341 1342 1448
f 1342 1449 1448
f 1342 1343 1449
f 1343 1450 1449
f 1343 1344 1450
f 1344 1451 1450
f 1344 1345 1451
f 1345 1452 1451
f 1345 1346 1452
f 1346 1453 1452
f 1346 1347 1453
f 1347 1454 1453
f 1347 1348 1454
f 1348 1455 1454
f 1348 1349 1455
f 1349 1456 1455
f 1349 1350 1456
f 1350 1457 1456
f 1350 1351 1457
f 1351 1458 1457
f 1351 1352 1458
f 1352 1459 1458
f 1352 1353 1459
f 1353 1460 1459
f 1353 1354 1460
f 1354 1461 1460
f 1354 1355 1461
f 1355 1462 1461
f 1355 1356 1462
f 1356 1463 1462
f 1356 1357 1463
f 1357 1464 1463
f 1357 1358 1464
f 1358 1465 1464
f 1358 1359 1465
f 1359 1466 1465
f 1359 1360 1466
f 1360 1467 1466
f 1360 1361 1467
f 1361 1468 1467
f 1361 1362 1468
f 1362 1469 1468
f 1362 1363 1469
f 1363 1470 1469
f 1363 1364 1470
f 1364 1471 1470
f 1364 1365 1471
f 1365 1472 1471
f 1365 1366 1472
f 1366 1473 1472
f 1366 1367 1473
f 1367 1474 1473
f 1367 1368 1474
f 1368 1475 1474
f 1368 1369 1475
f 1369 1476 1475
f 1369 1370 1476
f 1370 1477 1476
f 1370 1371 1477
f 1371 1478 1477
f 1371 1372 1478
f 1372 1479 1478
f 1372 1373 1479
f 1373 1480 1479
f 1373 1374 1480
f 1374 1481 1480
f 1374 1375 1481
f 1375 1482 1481
f 1375 1376 1482
f 1376 1483 1482
f 1376 1377 1483
f 1377 1484 1483
f 1377 1378 1484
f 1379 1486 1485
f 1379 1380 1486
f 1380 1487 1486
f 1380 1381 1487
f 1381 1488 1487
f 1381 1382 1488
f 1382 1489 1488
f 1382 1383 1489
f 1383 1490 1489
f 1383 1384 1490
f 1384 1491 1490
f 1384 1385 1491
f 1385 1492 1491
f 1385 1386 1492
f 1386 1493 1492
f 1386 1387 1493
f 1387 1494 1493
f 1387 1388 1494
f 1388 1495 1494
f 1388 1389 1495
f 1389 1496 1495
f 1389 1390 1496
f 1390 1497 1496
f 1390 1391 1497
f 1391 1498 1497
f 1391 1392 1498
f 1392 1499 1498
f 1392 1393 1499
f 1393 1500 1499
f 1393 1394 1500
f 1394 1501 1500
f 1394 1395 1501
f 1395 1502 1501
f 1395 1396 1502
f 1396 1503 1502
f 1396 1397 1503
f 1397 1504 1503
f 1397 1398 1504
f 1398 1505 1504
f 1398 1399 1505
f 1399 1506 1505
f 1399 1400 1506
f 1400 1507 1506
f 1400 1401 1507
f 1401 1508 1507
f 1401 1402 1508
f 1402 1509 1508
f 1402 1403 1509
f 1403 1510 1509
f 1403 1404 1510
f 1404 1511 1510
f 1404 1405 1511
f 1405 1512 1511
f 1405 1406 1512
f 1406 1513 1512
f 1406 1407 1513
f 1407 1514 1513
f 1407 1408 1514
f 1408 1515 1514
f 1408 1409 1515
f 1409 1516 1515
f 1409 1410 1516
f 1410 1517 1516
f 1410 1411 1517
f 1411 1518 1517
f 1411 1412 1518
f 1412 1519 1518
f 1412 1413 1519
f 1413 1520 1519
f 1413 1414 1520
f 1414 1521 1520
f 1414 1415 1521
f 1415 1522 1521
f 1415 1416 1522
f 1416 1523 1522
f 1416 1417 1523
f 1417 1524 1523
f 1417 1418 1524
f 1418 1525 1524
f 1418 1419 1525
f 1419 1526 1525
f 1419 1420 1526
f 1420 1527 1526
f 1420 1421 1527
f 1421 1528 1527
f 1421 1422 1528
f 1422 1529 1528
f 1422 1423 1529
f 1423 1530 1529
f 1423 1424 1530
f 1424 1531 1530
f 1424 1425 1531
f 1425 1532 1531
f 1425 1426 1532
f 1426 1533 1532
f 1426 1427 1533
f 1427 1534 1533
f 1427 1428 1534
f 1428 1535 1534
f 1428 1429 1535
f 1429 1536 1535
f 1429 1430 1536
f 1430 1537 1536
f 1430 1431 1537
f 1431 1538 1537
f 1431 1432 1538
f 1432 1539 1538
f 1432 1433 1539
f 1433 1540 1539
f 1433 1434 1540
f 1434 1541 1540
f 1434 1435 1541
f 1435 1542 1541
f 1435 1436 1542
f 1436 1543 1542
f 1436 1437 1543
f 1437 1544 1543
f 1437 1438 1544
f 1438 1545 1544
f 1438 1439 1545
f 1439 1546 1545
f 1439 1440 1546
f 1440 1547 1546
f 1440 1441 1547
f 1441 1548 1547
f 1441 1442 1548
f 1442 1549 1548
f 1442 1443 1549
f 1443 1550 1549
f 1443 1444 1550
f 1444 1551 1550
f 1444 1445 1551
f 1445 1552 1551
f 1445 1446 1552
f 1446 1553 1552
f 1446 1447 1553
f 1447 1554 1553
f 1447 1448 1554
f 1448 1555 1554
f 1448 1449 1555
f 1449 1556 1555
f 1449 1450 1556
f 1450 1557 1556
f 1450 1451 1557
f 1451 1558 1557
f 1451 1452 1558
f 1452 1559 1558
f 1452 1453 1559
f 1453 1560 1559
f 1453 1454 1560
f 1454 1561 1560
f 1454 1455 1561
f 1455 1562 1561
f 1455 1456 1562
f 1456 1563 1562
f 1456 1457 1563
f 1457 1564 1563
f 1457 1458 1564
f 1458 1565 1564
f 1458 1459 1565
f 1459 1566 1565
f 1459 1460 1566
f 1460 1567 1566
f 1460 1461 1567
f 1461 1568 1567
f 1461 1462 1568
f 1462 1569 1568
f 1462 1463 1569
f 1463 1570 1569
f 1463 1464 1570
f 1464 1571 1570
f 1464 1465 1571
f 1465 1572 1571
f 1465 1466 1572
f 1466 1573 1572
f 1466 1467 1573
f 1467 1574 1573
f 1467 1468 1574
f 1468 1575 1574
f 1468 1469 1575
f 1469 1576 1575
f 1469 1470 1576
f 1470 1577 1576
f 1470 1471 1577
f 1471 1578 1577
f 1471 1472 1578
f 1472 1579 1578
f 1472 1473 1579
f 1473 1580 1579
f 1473 1474 1580
f 1474 1581 1580
f 1474 1475 1581
f 1475 1582 1581
f 1475 1476 1582
f 1476 1583 1582
f 1476 1477 1583
f 1477 1584 1583
f 1477 1478 1584
f 1478 1585 1584
f 1478 1479 1585
f 1479 1586 1585
f 1479 1480 1586
f 1480 1587 1586
f 1480 1481 1587
f 1481 1588 1587
f 1481 1482 1588
f 1482 1589 1588
f 1482 1483 1589
f 1483 1590 1589
f 1483 1484 1590
f 1485 1592 1591
f 1485 1486 1592
f 1486 1593 1592
f 1486 1487 1593
f 1487 1594 1593
f 1487 1488 1594
f 1488 1595 1594
f 1488 1489 1595
f 1489 1596 1595
f 1489 1490 1596
f 1490 1597 1596
f 1490 1491 1597
f 1491 1598 1597
f 1491 1492 1598
f 1492 1599 1598
f 1492 1493 1599
f 1493 1600 1599
f 1493 1494 1600
f 1494 1601 1600
f 1494 1495 1601
f 1495 1602 1601
f 1495 1496 1602
f 1496 1603 1602
f 1496 1497 1603
f 1497 1604 1603
f 1497 1498 1604
f 1498 1605 1604
f 1498 1499 1605
f 1499 1606 1605
f 1499 1500 1606
f 1500 1607 1606
f 1500 1501 1607
f 1501 1608 1607
f 1501 1502 1608
f 1502 1609 1608
f 1502 1503 1609
f 1503 1610 1609
f 1503 1504 1610
f 1504 1611 1610
f 1504 1505 1611
f 1505 1612 1611
f 1505 1506 1612
f 1506 1613 1612
f 1506 1507 1613
f 1507 1614 1613
f 1507 1508 1614
f 1508 1615 1614
f 1508 1509 1615
f 1509 1616 1615
f 1509 1510 1616
f 1510 1617 1616
f 1510 1511 1617
f 1511 1618 1617
f 1511 1512 1618
f 1512 1619 1618
f 1512 1513 1619
f 1513 1620 1619
f 1513 1514 1620
f 1514 1621 1620
f 1514 1515 1621
f 1515 1622 1621
f 1515 1516 1622
f 1516 1623 1622
f 1516 1517 1623
f 1517 1624 1623
f 1517 1518 1624
f 1518 1625 1624
f 1518 1519 1625
f 1519 1626 1625
f 1519 1520 1626
f 1520 1627 1626
f 1520 1521 1627
f 1521 1628 1627
f 1521 1522 1628
f 1522 1629 1628
f 1522 1523 1629
f 1523 1630 1629
f 1523 1524 1630
f 1524 1631 1630
f 1524 1525 1631
f 1525 1632 1631
f 1525 1526 1632
f 1526 1633 1632
f 1526 1527 1633
f 1527 1634 1633
f 1527 1528 1634
f 1528 1635 1634
f 1528 1529 1635
f 1529 1636 1635
f 1529 1530 1636
f 1530 1637 1636
f 1530 1531 1637
f 1531 1638 1637
f 1531 1532 1638
f 1532 1639 1638
f 1532 1533 1639
f 1533 1640 1639
f 1533 1534 1640
f 1534 1641 1640
f 1534 1535 1641
f 1535 1642 1641
f 1535 1536 1642
f 1536 1643 1642
f 1536 1537 1643
f 1537 1644 1643
f 1537 1538 1644
f 1538 1645 1644
f 1538 1539 1645
f 1539 1646 1645
f 1539 1540 1646
f 1540 1647 1646
f 1540 1541 1647
f 1541 1648 1647
f 1541 1542 1648
f 1542 1649 1648
f 1542 1543 1649
f 1543 1650 1649
f 1543 1544 1650
f 1544 1651 1650
f 1544 1545 1651
f 1545 1652 1651
f 1545 1546 1652
f 1546 1653 1652
f 1546 1547 1653
f 1547 1654 1653
f 1547 1548 1654
f 1548 1655 1654
f 1548 1549 1655
f 1549 1656 1655
f 1549 1550 1656
f 1550 1657 1656
f 1550 1551 1657
f 1551 1658 1657
f 1551 1552 1658
f 1552 1659 1658
f 1552 1553 1659
f 1553 1660 1659
f 1553 1554 1660
f 1554 1661 1660
f 1554 1555 1661
f 1555 1662 1661
f 1555 1556 1662
f 1556 1663 1662
f 1556 1557 1663
f 1557 1664 1663
f 1557 1558 1664
f 1558 1665 1664
f 1558 1559 1665
f 1559 1666 1665
f 1559 1560 1666
f 1560 1667 1666
f 1560 1561 1667
f 1561 1668 1667
f 1561 1562 1668
f 1562 1669 1668
f 1562 1563 1669
f 1563 1670 1669
f 1563 1564 1670
f 1564 1671 1670
f 1564 1565 1671
f 1565 1672 1671
f 1565 1566 1672
f 1566 1673 1672
f 1566 1567 1673
f 1567 1674 1673
f 1567 1568 1674
f 1568 1675 1674
f 1568 1569 1675
f 1569 1676 1675
f 1569 1570 1676
f 1570 1677 1676
f 1570 1571 1677
f 1571 1678 1677
f 1571 1572 1678
f 1572 1679 1678
f 1572 1573 1679
f 1573 1680 1679
f 1573 1574 1680
f 1574 1681 1680
f 1574 1575 1681
f 1575 1682 1681
f 1575 1576 1682
f 1576 1683 1682
f 1576 1577 1683
f 1577 1684 1683
f 1577 1578 1684
f 1578 1685 1684
f 1578 1579 1685
f 1579 1686 1685
f 1579 1580 1686
f 1580 1687 1686
f 1580 1581 1687
f 1581 1688 1687
f 1581 1582 1688
f 1582 1689 1688
f 1582 1583 1689
f 1583 1690 1689
f 1583 1584 1690
f 1584 1691 1690
f 1584 1585 1691
f 1585 1692 1691
f 1585 1586 1692
f 1586 1693 1692
f 1586 1587 1693
f 1587 1694 1693
f 1587 1588 1694
f 1588 1695 1694
f 1588 1589 1695
f 1589 1696 1695
f 1589 1590 1696
f 1591 1698 1697
f 1591 1592 1698
f 1592 1699 1698
f 1592 1593 1699
f 1593 1700 1699
f 1593 1594 1700
f 1594 1701 1700
f 1594 1595 1701
f 1595 1702 1701
f 1595 1596 1702
f 1596 1703 1702
f 1596 1597 1703
f 1597 1704 1703
f 1597 1598 1704
f 1598 1705 1704
f 1598 1599 1705
f 1599 1706 1705
f 1599 1600 1706
f 1600 1707 1706
f 1600 1601 1707
f 1601 1708 1707
f 1601 1602 1708
f 1602 1709 1708
f 1602 1603 1709
f 1603 1710 1709
f 1603 1604 1710
f 1604 1711 1710
f 1604 1605 1711
f 1605 1712 1711
f 1605 1606 1712
f 1606 1713 1712
f 1606 1607 1713
f 1607 1714 1713
f 1607 1608 1714
f 1608 1715 1714
f 1608 1609 1715
f 1609 1716 1715
f 1609 1610 1716
f 1610 1717 1716
f 1610 1611 1717
f 1611 1718 1717
f 1611 1612 1718
f 1612 1719 1718
f 1612 1613 1719
f 1613 1720 1719
f 1613 1614 1720
f 1614 1721 1720
f 1614 1615 1721
f 1615 1722 1721
f 1615 1616 1722
f 1616 1723 1722
f 1616 1617 1723
f 1617 1724 1723
f 1617 1618 1724
f 1618 1725 1724
f 1618 1619 1725
f 1619 1726 1725
f 1619 1620 1726
f 1620 1727 1726
f 1620 1621 1727
f 1621 1728 1727
f 1621 1622 1728
f 1622 1729 1728
f 1622 1623 1729
f 1623 1730 1729
f 1623 1624 1730
f 1624 1731 1730
f 1624 1625 1731
f 1625 1732 1731
f 1625 1626 1732
f 1626 1733 1732
f 1626 1627 1733
f 1627 1734 1733
f 1627 1628 1734
f 1628 1735 1734
f 1628 1629 1735
f 1629 1736 1735
f 1629 1630 1736
f 1630 1737 1736
f 1630 1631 1737
f 1631 1738 1737
f 1631 1632 1738
f 1632 1739 1738
f 1632 1633 1739
f 1633 1740 1739
f 1633 1634 1740
f 1634 1741 1740
f 1634 1635 1741
f 1635 1742 1741
f 1635 1636 1742
f 1636 1743 1742
f 1636 1637 1743
f 1637 1744 1743
f 1637 1638 1744
f 1638 1745 1744
f 1638 1639 1745
f 1639 1746 1745
f 1639 1640 1746
f 1640 1747 1746
f 1640 1641 1747
f 1641 1748 1747
f 1641 1642 1748
f 1642 1749 1748
f 1642 1643 1749
f 1643 1750 1749
f 1643 1644 1750
f 1644 1751 1750
f 1644 1645 1751
f 1645 1752 1751
f 1645 1646 1752
f 1646 1753 1752
f 1646 1647 1753
f 1647 1754 1753
f 1647 1648 1754
f 1648 1755 1754
f 1648 1649 1755
f 1649 1756 1755
f 1649 1650 1756
f 1650 1757 1756
f 1650 1651 1757
f 1651 1758 1757
f 1651 1652 1758
f 1652 1759 1758
f 1652 1653 1759
f 1653 1760 1759
f 1653 1654 1760
f 1654 1761 1760
f 1654 1655 1761
f 1655 1762 1761
f 1655 1656 1762
f 1656 1763 1762
f 1656 1657 1763
f 1657 1764 1763
f 1657 1658 1764
f 1658 1765 1764
f 1658 1659 1765
f 1659 1766 1765
f 1659 1660 1766
f 1660 1767 1766
f 1660 1661 1767
f 1661 1768 1767
f 1661 1662 1768
f 1662 1769 1768
f 1662 1663 1769
f 1663 1770 1769
f 1663 1664 1770
f 1664 1771 1770
f 1664 1665 1771
f 1665 1772 1771
f 1665 1666 1772
f 1666 1773 1772
f 1666 1667 1773
f 1667 1774 1773
f 1667 1668 1774
f 1668 1775 1774
f 1668 1669 1775
f 1669 1776 1775
f 1669 1670 1776
f 1670 1777 1776
f 1670 1671 1777
f 1671 1778 1777
f 1671 1672 1778
f 1672 1779 1778
f 1672 1673 1779
f 1673 1780 1779
f 1673 1674 1780
f 1674 1781 1780
f 1674 1675 1781
f 1675 1782 1781
f 1675 1676 1782
f 1676 1783 1782
f 1676 1677 1783
f 1677 1784 1783
f 1677 1678 1784
f 1678 1785 1784
f 1678 1679 1785
f 1679 1786 1785
f 1679 1680 1786
f 1680 1787 1786
f 1680 1681 1787
f 1681 1788 1787
f 1681 1682 1788
f 1682 1789 1788
f 1682 1683 1789
f 1683 1790 1789
f 1683 1684 1790
f 1684 1791 1790
f 1684 1685 1791
f 1685 1792 1791
f 1685 1686 1792
f 1686 1793 1792
f 1686 1687 1793
f 1687 1794 1793
f 1687 1688 1794
f 1688 1795 1794
f 1688 1689 1795
f 1689 1796 1795
f 1689 1690 1796
f 1690 1797 1796
f 1690 1691 1797
f 1691 1798 1797
f 1691 1692 1798
f 1692 1799 1798
f 1692 1693 1799
f 1693 1800 1799
f 1693 1694 1800
f 1694 1801 1800
f 1694 1695 1801
f 1695 1802 1801
f 1695 1696 1802
f 1697 1804 1803
f 1697 1698 1804
f 1698 1805 1804
f 1698 1699 1805
f 1699 1806 1805
f 1699 1700 1806
f 1700 1807 1806
f 1700 1701 1807
f 1701 1808 1807
f 1701 1702 1808
f 1702 1809 1808
f 1702 1703 1809
f 1703 1810 1809
f 1703 1704 1810
f 1704 1811 1810
f 1704 1705 1811
f 1705 1812 1811
f 1705 1706 1812
f 1706 1813 1812
f 1706 1707 1813
f 1707 1814 1813
f 1707 1708 1814
f 1708 1815 1814
f 1708 1709 1815
f 1709 1816 1815
f 1709 1710 1816
f 1710 1817 1816
f 1710 1711 1817
f 1711 1818 1817
f 1711 1712 1818
f 1712 1819 1818
f 1712 1713 1819
f 1713 1820 1819
f 1713 1714 1820
f 1714 1821 1820
f 1714 1715 1821
f 1715 1822 1821
f 1715 1716 1822
f 1716 1823 1822
f 1716 1717 1823
f 1717 1824 1823
f 1717 1718 1824
f 1718 1825 1824
f 1718 1719 1825
f 1719 1826 1825
f 1719 1720 1826
f 1720 1827 1826
f 1720 1721 1827
f 1721 1828 1827
f 1721 1722 1828
f 1722 1829 1828
f 1722 1723 1829
f 1723 1830 1829
f 1723 1724 1830
f 1724 1831 1830
f 1724 1725 1831
f 1725 1832 1831
f 1725 1726 1832
f 1726 1833 1832
f 1726 1727 1833
f 1727 1834 1833
f 1727 1728 1834
f 1728 1835 1834
f 1728 1729 1835
f 1729 1836 1835
f 1729 1730 1836
f 1730 1837 1836
f 1730 1731 1837
f 1731 1838 1837
f 1731 1732 1838
f 1732 1839 1838
f 1732 1733 1839
f 1733 1840 1839
f 1733 1734 1840
f 1734 1841 1840
f 1734 1735 1841
f 1735 1842 1841
f 1735 1736 1842
f 1736 1843 1842
f 1736 1737 1843
f 1737 1844 1843
f 1737 1738 1844
f 1738 1845 1844
f 1738 1739 1845
f 1739 1846 1845
f 1739 1740 1846
f 1740 1847 1846
f 1740 1741 1847
f 1741 1848 1847
f 1741 1742 1848
f 1742 1849 1848
f 1742 1743 1849
f 1743 1850 1849
f 1743 1744 1850
f 1744 1851 1850
f 1744 1745 1851
f 1745 1852 1851
f 1745 1746 1852
f 1746 1853 1852
f 1746 1747 1853
f 1747 1854 1853
f 1747 1748 1854
f 1748 1855 1854
f 1748 1749 1855
f 1749 1856 1855
f 1749 1750 1856
f 1750 1857 1856
f 1750 1751 1857
f 1751 1858 1857
f 1751 1752 1858
f 1752 1859 1858
f 1752 1753 1859
f 1753 1860 1859
f 1753 1754 1860
f 1754 1861 1860
f 1754 1755 1861
f 1755 1862 1861
f 1755 1756 1862
f 1756 1863 1862
f 1756 1757 1863
f 1757 1864 1863
f 1757 1758 1864
f 1758 1865 1864
f 1758 1759 1865
f 1759 1866 1865
f 1759 1760 1866
f 1760 1867 1866
f 1760 1761 1867
f 1761 1868 1867
f 1761 1762 1868
f 1762 1869 1868
f 1762 1763 1869
f 1763 1870 1869
f 1763 1764 1870
f 1764 1871 1870
f 1764 1765 1871
f 1765 1872 1871
f 1765 1766 1872
f 1766 1873 1872
f 1766 1767 1873
f 1767 1874 1873
f 1767 1768 1874
f 1768 1875 1874
f 1768 1769 1875
f 1769 1876 1875
f 1769 1770 1876
f 1770 1877 1876
f 1770 1771 1877
f 1771 1878 1877
f 1771 1772 1878
f 1772 1879 1878
f 1772 1773 1879
f 1773 1880 1879
f 1773 1774 1880
f 1774 1881 1880
f 1774 1775 1881
f 1775 1882 1881
f 1775 1776 1882
f 1776 1883 1882
f 1776 1777 1883
f 1777 1884 1883
f 1777 1778 1884
f 1778 1885 1884
f 1778 1779 1885
f 1779 1886 1885
f 1779 1780 1886
f 1780 1887 1886
f 1780 1781 1887
f 1781 1888 1887
f 1781 1782 1888
f 1782 1889 1888
f 1782 1783 1889
f 1783 1890 1889
f 1783 1784 1890
f 1784 1891 1890
f 1784 1785 1891
f 1785 1892 1891
f 1785 1786 1892
f 1786 1893 1892
f 1786 1787 1893
f 1787 1894 1893
f 1787 1788 1894
f 1788 1895 1894
f 1788 1789 1895
f 1789 1896 1895
f 1789 1790 1896
f 1790 1897 1896
f 1790 1791 1897
f 1791 1898 1897
f 1791 1792 1898
f 1792 1899 1898
f 1792 1793 1899
f 1793 1900 1899
f 1793 1794 1900
f 1794 1901 1900
f 1794 1795 1901
f 1795 1902 1901
f 1795 1796 1902
f 1796 1903 1902
f 1796 1797 1903
f 1797 1904 1903
f 1797 1798 1904
f 1798 1905 1904
f 1798 1799 1905
f 1799 1906 1905
f 1799 1800 1906
f 1800 1907 1906
f 1800 1801 1907
f 1801 1908 1907
f 1801 1802 1908
f 1803 1910 1909
f 1803 1804 1910
f 1804 1911 1910
f 1804 1805 1911
f 1805 1912 1911
f 1805 1806 1912
f 1806 1913 1912
f 1806 1807 1913
f 1807 1914 1913
f 1807 1808 1914
f 1808 1915 1914
f 1808 1809 1915
f 1809 1916 1915
f 1809 1810 1916
f 1810 1917 1916
f 1810 1811 1917
f 1811 1918 1917
f 1811 1812 1918
f 1812 1919 1918
f 1812 1813 1919
f 1813 1920 1919
f 1813 1814 1920
f 1814 1921 1920
f 1814 1815 1921
f 1815 1922 1921
f 1815 1816 1922
f 1816 1923 1922
f 1816 1817 1923
f 1817 1924 1923
f 1817 1818 1924
f 1818 1925 1924
f 1818 1819 1925
f 1819 1926 1925
f 1819 1820 1926
f 1820 1927 1926
f 1820 1821 1927
f 1821 1928 1927
f 1821 1822 1928
f 1822 1929 1928
f 1822 1823 1929
f 1823 1930 1929
f 1823 1824 1930
f 1824 1931 1930
f 1824 1825 1931
f 1825 1932 1931
f 1825 1826 1932
f 1826 1933 1932
f 1826 1827 1933
f 1827 1934 1933
f 1827 1828 1934
f 1828 1935 1934
f 1828 1829 1935
f 1829 1936 1935
f 1829 1830 1936
f 1830 1937 1936
f 1830 1831 1937
f 1831 1938 1937
f 1831 1832 1938
f 1832 1939 1938
f 1832 1833 1939
f 1833 1940 1939
f 1833 1834 1940
f 1834 1941 1940
f 1834 1835 1941
f 1835 1942 1941
f 1835 1836 1942
f 1836 1943 1942
f 1836 1837 1943
f 1837 1944 1943
f 1837 1838 1944
f 1838 1945 1944
f 1838 1839 1945
f 1839 1946 1945
f 1839 1840 1946
f 1840 1947 1946
f 1840 1841 1947
f 1841 1948 1947
f 1841 1842 1948
f 1842 1949 1948
f 1842 1843 1949
f 1843 1950 1949
f 1843 1844 1950
f 1844 1951 1950
f 1844 1845 1951
f 1845 1952 1951
f 1845 1846 1952
f 1846 1953 1952
f 1846 1847 1953
f 1847 1954 1953
f 1847 1848 1954
f 1848 1955 1954
f 1848 1849 1955
f 1849 1956 1955
f 1849 1850 1956
f 1850 1957 1956
f 1850 1851 1957
f 1851 1958 1957
f 1851 1852 1958
f 1852 1959 1958
f 1852 1853 1959
f 1853 1960 1959
f 1853 1854 1960
f 1854 1961 1960
f 1854 1855 1961
f 1855 1962 1961
f 1855 1856 1962
f 1856 1963 1962
f 1856 1857 1963
f 1857 1964 1963
f 1857 1858 1964
f 1858 1965 1964
f 1858 1859 1965
f 1859 1966 1965
f 1859 1860 1966
f 1860 1967 1966
f 1860 1861 1967
f 1861 1968 1967
f 1861 1862 1968
f 1862 1969 1968
f 1862 1863 1969
f 1863 1970 1969
f 1863 1864 1970
f 1864 1971 1970
f 1864 1865 1971
f 1865 1972 1971
f 1865 1866 1972
f 1866 1973 1972
f 1866 1867 1973
f 1867 1974 1973
f 1867 1868 1974
f 1868 1975 1974
f 1868 1869 1975
f 1869 1976 1975
f 1869 1870 1976
f 1870 1977 1976
f 1870 1871 1977
f 1871 1978 1977
f 1871 1872 1978
f 1872 1979 1978
f 1872 1873 1979
f 1873 1980 1979
f 1873 1874 1980
f 1874 1981 1980
f 1874 1875 1981
f 1875 1982 1981
f 1875 1876 1982
f 1876 1983 1982
f 1876 1877 1983
f 1877 1984 1983
f 1877 1878 1984
f 1878 1985 1984
f 1878 1879 1985
f 1879 1986 1985
f 1879 1880 1986
f 1880 1987 1986
f 1880 1881 1987
f 1881 1988 1987
f 1881 1882 1988
f 1882 1989 1988
f 1882 1883 1989
f 1883 1990 1989
f 1883 1884 1990
f 1884 1991 1990
f 1884 1885 1991
f 1885 1992 1991
f 1885 1886 1992
f 1886 1993 1992
f 1886 1887 1993
f 1887 1994 1993
f 1887 1888 1994
f 1888 1995 1994
f 1888 1889 1995
f 1889 1996 1995
f 1889 1890 1996
f 1890 1997 1996
f 1890 1891 1997
f 1891 1998 1997
f 1891 1892 1998
f 1892 1999 1998
f 1892 1893 1999
f 1893 2000 1999
f 1893 1894 2000
f 1894 2001 2000
f 1894 1895 2001
f 1895 2002 2001
f 1895 1896 2002
f 1896 2003 2002
f 1896 1897 2003
f 1897 2004 2003
f 1897 1898 2004
f 1898 2005 2004
f 1898 1899 2005
f 1899 2006 2005
f 1899 1900 2006
f 1900 2007 2006
f 1900 1901 2007
f 1901 2008 2007
f 1901 1902 2008
f 1902 2009 2008
f 1902 1903 2009
f 1903 2010 2009
f 1903 1904 2010
f 1904 2011 2010
f 1904 1905 2011
f 1905 2012 2011
f 1905 1906 2012
f 1906 2013 2012
f 1906 1907 2013
f 1907 2014 2013
f 1907 1908 2014
f 1909 2016 2015
f 1909 1910 2016
f 1910 2017 2016
f 1910 1911 2017
f 1911 2018 2017
f 1911 1912 2018
f 1912 2019 2018
f 1912 1913 2019
f 1913 2020 2019
f 1913 1914 2020
f 1914 2021 2020
f 1914 1915 2021
f 1915 2022 2021
f 1915 1916 2022
f 1916 2023 2022
f 1916 1917 2023
f 1917 2024 2023
f 1917 1918 2024
f 1918 2025 2024
f 1918 1919 2025
f 1919 2026 2025
f 1919 1920 2026
f 1920 2027 2026
f 1920 1921 2027
f 1921 2028 2027
f 1921 1922 2028
f 1922 2029 2028
f 1922 1923 2029
f 1923 2030 2029
f 1923 1924 2030
f 1924 2031 2030
f 1924 1925 2031
f 1925 2032 2031
f 1925 1926 2032
f 1926 2033 2032
f 1926 1927 2033
f 1927 2034 2033
f 1927 1928 2034
f 1928 2035 2034
f 1928 1929 2035
f 1929 2036 2035
f 1929 1930 2036
f 1930 2037 2036
f 1930 1931 2037
f 1931 2038 2037
f 1931 1932 2038
f 1932 2039 2038
f 1932 1933 2039
f 1933 2040 2039
f 1933 1934 2040
f 1934 2041 2040
f 1934 1935 2041
f 1935 2042 2041
f 1935 1936 2042
f 1936 2043 2042
f 1936 1937 2043
f 1937 2044 2043
f 1937 1938 2044
f 1938 2045 2044
f 1938 1939 2045
f 1939 2046 2045
f 1939 1940 2046
f 1940 2047 2046
f 1940 1941 2047
f 1941 2048 2047
f 1941 1942 2048
f 1942 2049 2048
f 1942 1943 2049
f 1943 2050 2049
f 1943 1944 2050
f 1944 2051 2050
f 1944 1945 2051
f 1945 2052 2051
f 1945 1946 2052
f 1946 2053 2052
f 1946 1947 2053
f 1947 2054 2053
f 1947 1948 2054
f 1948 2055 2054
f 1948 1949 2055
f 1949 2056 2055
f 1949 1950 2056
f 1950 2057 2056
f 1950 1951 2057
f 1951 2058 2057
f 1951 1952 2058
f 1952 2059 2058
f 1952 1953 2059
f 1953 2060 2059
f 1953 1954 2060
f 1954 2061 2060
f 1954 1955 2061
f 1955 2062 2061
f 1955 1956 2062
f 1956 2063 2062
f 1956 1957 2063
f 1957 2064 2063
f 1957 1958 2064
f 1958 2065 2064
f 1958 1959 2065
f 1959 2066 2065
f 1959 1960 2066
f 1960 2067 2066
f 1960 1961 2067
f 1961 2068 2067
f 1961 1962 2068
f 1962 2069 2068
f 1962 1963 2069
f 1963 2070 2069
f 1963 1964 2070
f 1964 2071 2070
f 1964 1965 2071
f 1965 2072 2071
f 1965 1966 2072
f 1966 2073 2072
f 1966 1967 2073
f 1967 2074 2073
f 1967 1968 2074
f 1968 2075 2074
f 1968 1969 2075
f 1969 2076 2075
f 1969 1970 2076
f 1970 2077 2076
f 1970 1971 2077
f 1971 2078 2077
f 1971 1972 2078
f 1972 2079 2078
f 1972 1973 2079
f 1973 2080 2079
f 1973 1974 2080
f 1974 2081 2080
f 1974 1975 2081
f 1975 2082 2081
f 1975 1976 2082
f 1976 2083 2082
f 1976 1977 2083
f 1977 2084 2083
f 1977 1978 2084
f 1978 2085 2084
f 1978 1979 2085
f 1979 2086 2085
f 1979 1980 2086
f 1980 2087 2086
f 1980 1981 2087
f 1981 2088 2087
f 1981 1982 2088
f 1982 2089 2088
f 1982 1983 2089
f 1983 2090 2089
f 1983 1984 2090
f 1984 2091 2090
f 1984 1985 2091
f 1985 2092 2091
f 1985 1986 2092
f 1986 2093 2092
f 1986 1987 2093
f 1987 2094 2093
f 1987 1988 2094
f 1988 2095 2094
f 1988 1989 2095
f 1989 2096 2095
f 1989 1990 2096
f 1990 2097 2096
f 1990 1991 2097
f 1991 2098 2097
f 1991 1992 2098
f 1992 2099 2098
f 1992 1993 2099
f 1993 2100 2099
f 1993 1994 2100
f 1994 2101 2100
f 1994 1995 2101
f 1995 2102 2101
f 1995 1996 2102
f 1996 2103 2102
f 1996 1997 2103
f 1997 2104 2103
f 1997 1998 2104
f 1998 2105 2104
f 1998 1999 2105
f 1999 2106 2105
f 1999 2000 2106
f 2000 2107 2106
f 2000 2001 2107
f 2001 2108 2107
f 2001 2002 2108
f 2002 2109 2108
f 2002 2003 2109
f 2003 2110 2109
f 2003 2004 2110
f 2004 2111 2110
f 2004 2005 2111
f 2005 2112 2111
f 2005 2006 2112
f 2006 2113 2112
f 2006 2007 2113
f 2007 2114 2113
f 2007 2008 2114
f 2008 2115 2114
f 2008 2009 2115
f 2009 2116 2115
f 2009 2010 2116
f 2010 2117 2116
f 2010 2011 2117
f 2011 2118 2117
f 2011 2012 2118
f 2012 2119 2118
f 2012 2013 2119
f 2013 2120 2119
f 2013 2014 2120
f 2015 2122 2121
f 2015 2016 2122
f 2016 2123 2122
f 2016 2017 2123
f 2017 2124 2123
f 2017 2018 2124
f 2018 2125 2124
f 2018 2019 2125
f 2019 2126 2125
f 2019 2020 2126
f 2020 2127 2126
f 2020 2021 2127
f 2021 2128 2127
f 2021 2022 2128
f 2022 2129 2128
f 2022 2023 2129
f 2023 2130 2129
f 2023 2024 2130
f 2024 2131 2130
f 2024 2025 2131
f 2025 2132 2131
f 2025 2026 2132
f 2026 2133 2132
f 2026 2027 2133
f 2027 2134 2133
f 2027 2028 2134
f 2028 2135 2134
f 2028 2029 2135
f 2029 2136 2135
f 2029 2030 2136
f 2030 2137 2136
f 2030 2031 2137
f 2031 2138 2137
f 2031 2032 2138
f 2032 2139 2138
f 2032 2033 2139
f 2033 2140 2139
f 2033 2034 2140
f 2034 2141 2140
f 2034 2035 2141
f 2035 2142 2141
f 2035 2036 2142
f 2036 2143 2142
f 2036 2037 2143
f 2037 2144 2143
f 2037 2038 2144
f 2038 2145 2144
f 2038 2039 2145
f 2039 2146 2145
f 2039 2040 2146
f 2040 2147 2146
f 2040 2041 2147
f 2041 2148 2147
f 2041 2042 2148
f 2042 2149 2148
f 2042 2043 2149
f 2043 2150 2149
f 2043 2044 2150
f 2044 2151 2150
f 2044 2045 2151
f 2045 2152 2151
f 2045 2046 2152
f 2046 2153 2152
f 2046 2047 2153
f 2047 2154 2153
f 2047 2048 2154
f 2048 2155 2154
f 2048 2049 2155
f 2049 2156 2155
f 2049 2050 2156
f 2050 2157 2156
f 2050 2051 2157
f 2051 2158 2157
f 2051 2052 2158
f 2052 2159 2158
f 2052 2053 2159
f 2053 2160 2159
f 2053 2054 2160
f 2054 2161 2160
f 2054 2055 2161
f 2055 2162 2161
f 2055 2056 2162
f 2056 2163 2162
f 2056 2057 2163
f 2057 2164 2163
f 2057 2058 2164
f 2058 2165 2164
f 2058 2059 2165
f 2059 2166 2165
f 2059 2060 2166
f 2060 2167 2166
f 2060 2061 2167
f 2061 2168 2167
f 2061 2062 2168
f 2062 2169 2168
f 2062 2063 2169
f 2063 2170 2169
f 2063 2064 2170
f 2064 2171 2170
f 2064 2065 2171
f 2065 2172 2171
f 2065 2066 2172
f 2066 2173 2172
f 2066 2067 2173
f 2067 2174 2173
f 2067 2068 2174
f 2068 2175 2174
f 2068 2069 2175
f 2069 2176 2175
f 2069 2070 2176
f 2070 2177 2176
f 2070 2071 2177
f 2071 2178 2177
f 2071 2072 2178
f 2072 2179 2178
f 2072 2073 2179
f 2073 2180 2179
f 2073 2074 2180
f 2074 2181 2180
f 2074 2075 2181
f 2075 2182 2181
f 2075 2076 2182
f 2076 2183 2182
f 2076 2077 2183
f 2077 2184 2183
f 2077 2078 2184
f 2078 2185 2184
f 2078 2079 2185
f 2079 2186 2185
f 2079 2080 2186
f 2080 2187 2186
f 2080 2081 2187
f 2081 2188 2187
f 2081 2082 2188
f 2082 2189 2188
f 2082 2083 2189
f 2083 2190 2189
f 2083 2084 2190
f 2084 2191 2190
f 2084 2085 2191
f 2085 2192 2191
f 2085 2086 2192
f 2086 2193 2192
f 2086 2087 2193
f 2087 2194 2193
f 2087 2088 2194
f 2088 2195 2194
f 2088 2089 2195
f 2089 2196 2195
f 2089 2090 2196
f 2090 2197 2196
f 2090 2091 2197
f 2091 2198 2197
f 2091 2092 2198
f 2092 2199 2198
f 2092 2093 2199
f 2093 2200 2199
f 2093 2094 2200
f 2094 2201 2200
f 2094 2095 2201
f 2095 2202 2201
f 2095 2096 2202
f 2096 2203 2202
f 2096 2097 2203
f 2097 2204 2203
f 2097 2098 2204
f 2098 2205 2204
f 2098 2099 2205
f 2099 2206 2205
f 2099 2100 2206
f 2100 2207 2206
f 2100 2101 2207
f 2101 2208 2207
f 2101 2102 2208
f 2102 2209 2208
f 2102 2103 2209
f 2103 2210 2209
f 2103 2104 2210
f 2104 2211 2210
f 2104 2105 2211
f 2105 2212 2211
f 2105 2106 2212
f 2106 2213 2212
f 2106 2107 2213
f 2107 2214 2213
f 2107 2108 2214
f 2108 2215 2214
f 2108 2109 2215
f 2109 2216 2215
f 2109 2110 2216
f 2110 2217 2216
f 2110 2111 2217
f 2111 2218 2217
f 2111 2112 2218
f 2112 2219 2218
f 2112 2113 2219
f 2113 2220 2219
f 2113 2114 2220
f 2114 2221 2220
f 2114 2115 2221
f 2115 2222 2221
f 2115 2116 2222
f 2116 2223 2222
f 2116 2117 2223
f 2117 2224 2223
f 2117 2118 2224
f 2118 2225 2224
f 2118 2119 2225
f 2119 2226 2225
f 2119 2120 2226
f 2121 2228 2227
f 2121 2122 2228
f 2122 2229 2228
f 2122 2123 2229
f 2123 2230 2229
f 2123 2124 2230
f 2124 2231 2230
f 2124 2125 2231
f 2125 2232 2231
f 2125 2126 2232
f 2126 2233 2232
f 2126 2127 2233
f 2127 2234 2233
f 2127 2128 2234
f 2128 2235 2234
f 2128 2129 2235
f 2129 2236 2235
f 2129 2130 2236
f 2130 2237 2236
f 2130 2131 2237
f 2131 2238 2237
f 2131 2132 2238
f 2132 2239 2238
f 2132 2133 2239
f 2133 2240 2239
f 2133 2134 2240
f 2134 2241 2240
f 2134 2135 2241
f 2135 2242 2241
f 2135 2136 2242
f 2136 2243 2242
f 2136 2137 2243
f 2137 2244 2243
f 2137 2138 2244
f 2138 2245 2244
f 2138 2139 2245
f 2139 2246 2245
f 2139 2140 2246
f 2140 2247 2246
f 2140 2141 2247
f 2141 2248 2247
f 2141 2142 2248
f 2142 2249 2248
f 2142 2143 2249
f 2143 2250 2249
f 2143 2144 2250
f 2144 2251 2250
f 2144 2145 2251
f 2145 2252 2251
f 2145 2146 2252
f 2146 2253 2252
f 2146 2147 2253
f 2147 2254 2253
f 2147 2148 2254
f 2148 2255 2254
f 2148 2149 2255
f 2149 2256 2255
f 2149 2150 2256
f 2150 2257 2256
f 2150 2151 2257
f 2151 2258 2257
f 2151 2152 2258
f 2152 2259 2258
f 2152 2153 2259
f 2153 2260 2259
f 2153 2154 2260
f 2154 2261 2260
f 2154 2155 2261
f 2155 2262 2261
f 2155 2156 2262
f 2156 2263 2262
f 2156 2157 2263
f 2157 2264 2263
f 2157 2158 2264
f 2158 2265 2264
f 2158 2159 2265
f 2159 2266 2265
f 2159 2160 2266
f 2160 2267 2266
f 2160 2161 2267
f 2161 2268 2267
f 2161 2162 2268
f 2162 2269 2268
f 2162 2163 2269
f 2163 2270 2269
f 2163 2164 2270
f 2164 2271 2270
f 2164 2165 2271
f 2165 2272 2271
f 2165 2166 2272
f 2166 2273 2272
f 2166 2167 2273
f 2167 2274 2273
f 2167 2168 2274
f 2168 2275 2274
f 2168 2169 2275
f 2169 2276 2275
f 2169 2170 2276
f 2170 2277 2276
f 2170 2171 2277
f 2171 2278 2277
f 2171 2172 2278
f 2172 2279 2278
f 2172 2173 2279
f 2173 2280 2279
f 2173 2174 2280
f 2174 2281 2280
f 2174 2175 2281
f 2175 2282 2281
f 2175 2176 2282
f 2176 2283 2282
f 2176 2177 2283
f 2177 2284 2283
f 2177 2178 2284
f 2178 2285 2284
f 2178 2179 2285
f 2179 2286 2285
f 2179 2180 2286
f 2180 2287 2286
f 2180 2181 2287
f 2181 2288 2287
f 2181 2182 2288
f 2182 2289 2288
f 2182 2183 2289
f 2183 2290 2289
f 2183 2184 2290
f 2184 2291 2290
f 2184 2185 2291
f 2185 2292 2291
f 2185 2186 2292
f 2186 2293 2292
f 2186 2187 2293
f 2187 2294 2293
f 2187 2188 2294
f 2188 2295 2294
f 2188 2189 2295
f 2189 2296 2295
f 2189 2190 2296
f 2190 2297 2296
f 2190 2191 2297
f 2191 2298 2297
f 2191 2192 2298
f 2192 2299 2298
f 2192 2193 2299
f 2193 2300 2299
f 2193 2194 2300
f 2194 2301 2300
f 2194 2195 2301
f 2195 2302 2301
f 2195 2196 2302
f 2196 2303 2302
f 2196 2197 2303
f 2197 2304 2303
f 2197 2198 2304
f 2198 2305 2304
f 2198 2199 2305
f 2199 2306 2305
f 2199 2200 2306
f 2200 2307 2306
f 2200 2201 2307
f 2201 2308 2307
f 2201 2202 2308
f 2202 2309 2308
f 2202 2203 2309
f 2203 2310 2309
f 2203 2204 2310
f 2204 2311 2310
f 2204 2205 2311
f 2205 2312 2311
f 2205 2206 2312
f 2206 2313 2312
f 2206 2207 2313
f 2207 2314 2313
f 2207 2208 2314
f 2208 2315 2314
f 2208 2209 2315
f 2209 2316 2315
f 2209 2210 2316
f 2210 2317 2316
f 2210 2211 2317
f 2211 2318 2317
f 2211 2212 2318
f 2212 2319 2318
f 2212 2213 2319
f 2213 2320 2319
f 2213 2214 2320
f 2214 2321 2320
f 2214 2215 2321
f 2215 2322 2321
f 2215 2216 2322
f 2216 2323 2322
f 2216 2217 2323
f 2217 2324 2323
f 2217 2218 2324
f 2218 2325 2324
f 2218 2219 2325
f 2219 2326 2325
f 2219 2220 2326
f 2220 2327 2326
f 2220 2221 2327
f 2221 2328 2327
f 2221 2222 2328
f 2222 2329 2328
f 2222 2223 2329
f 2223 2330 2329
f 2223 2224 2330
f 2224 2331 2330
f 2224 2225 2331
f 2225 2332 2331
f 2225 2226 2332
f 2227 2334 2333
f 2227 2228 2334
f 2228 2335 2334
f 2228 2229 2335
f 2229 2336 2335
f 2229 2230 2336
f 2230 2337 2336
f 2230 2231 2337
f 2231 2338 2337
f 2231 2232 2338
f 2232 2339 2338
f 2232 2233 2339
f 2233 2340 2339
f 2233 2234 2340
f 2234 2341 2340
f 2234 2235 2341
f 2235 2342 2341
f 2235 2236 2342
f 2236 2343 2342
f 2236 2237 2343
f 2237 2344 2343
f 2237 2238 2344
f 2238 2345 2344
f 2238 2239 2345
f 2239 2346 2345
f 2239 2240 2346
f 2240 2347 2346
f 2240 2241 2347
f 2241 2348 2347
f 2241 2242 2348
f 2242 2349 2348
f 2242 2243 2349
f 2243 2350 2349
f 2243 2244 2350
f 2244 2351 2350
f 2244 2245 2351
f 2245 2352 2351
f 2245 2246 2352
f 2246 2353 2352
f 2246 2247 2353
f 2247 2354 2353
f 2247 2248 2354
f 2248 2355 2354
f 2248 2249 2355
f 2249 2356 2355
f 2249 2250 2356
f 2250 2357 2356
f 2250 2251 2357
f 2251 2358 2357
f 2251 2252 2358
f 2252 2359 2358
f 2252 2253 2359
f 2253 2360 2359
f 2253 2254 2360
f 2254 2361 2360
f 2254 2255 2361
f 2255 2362 2361
f 2255 2256 2362
f 2256 2363 2362
f 2256 2257 2363
f 2257 2364 2363
f 2257 2258 2364
f 2258 2365 2364
f 2258 2259 2365
f 2259 2366 2365
f 2259 2260 2366
f 2260 2367 2366
f 2260 2261 2367
f 2261 2368 2367
f 2261 2262 2368
f 2262 2369 2368
f 2262 2263 2369
f 2263 2370 2369
f 2263 2264 2370
f 2264 2371 2370
f 2264 2265 2371
f 2265 2372 2371
f 2265 2266 2372
f 2266 2373 2372
f 2266 2267 2373
f 2267 2374 2373
f 2267 2268 2374
f 2268 2375 2374
f 2268 2269 2375
f 2269 2376 2375
f 2269 2270 2376
f 2270 2377 2376
f 2270 2271 2377
f 2271 2378 2377
f 2271 2272 2378
f 2272 2379 2378
f 2272 2273 2379
f 2273 2380 2379
f 2273 2274 2380
f 2274 2381 2380
f 2274 2275 2381
f 2275 2382 2381
f 2275 2276 2382
f 2276 2383 2382
f 2276 2277 2383
f 2277 2384 2383
f 2277 2278 2384
f 2278 2385 2384
f 2278 2279 2385
f 2279 2386 2385
f 2279 2280 2386
f 2280 2387 2386
f 2280 2281 2387
f 2281 2388 2387
f 2281 2282 2388
f 2282 2389 2388
f 2282 2283 2389
f 2283 2390 2389
f 2283 2284 2390
f 2284 2391 2390
f 2284 2285 2391
f 2285 2392 2391
f 2285 2286 2392
f 2286 2393 2392
f 2286 2287 2393
f 2287 2394 2393
f 2287 2288 2394
f 2288 2395 2394
f 2288 2289 2395
f 2289 2396 2395
f 2289 2290 2396
f 2290 2397 2396
f 2290 2291 2397
f 2291 2398 2397
f 2291 2292 2398
f 2292 2399 2398
f 2292 2293 2399
f 2293 2400 2399
f 2293 2294 2400
f 2294 2401 2400
f 2294 2295 2401
f 2295 2402 2401
f 2295 2296 2402
f 2296 2403 2402
f 2296 2297 2403
f 2297 2404 2403
f 2297 2298 2404
f 2298 2405 2404
f 2298 2299 2405
f 2299 2406 2405
f 2299 2300 2406
f 2300 2407 2406
f 2300 2301 2407
f 2301 2408 2407
f 2301 2302 2408
f 2302 2409 2408
f 2302 2303 2409
f 2303 2410 2409
f 2303 2304 2410
f 2304 2411 2410
f 2304 2305 2411
f 2305 2412 2411
f 2305 2306 2412
f 2306 2413 2412
f 2306 2307 2413
f 2307 2414 2413
f 2307 2308 2414
f 2308 2415 2414
f 2308 2309 2415
f 2309 2416 2415
f 2309 2310 2416
f 2310 2417 2416
f 2310 2311 2417
f 2311 2418 2417
f 2311 2312 2418
f 2312 2419 2418
f 2312 2313 2419
f 2313 2420 2419
f 2313 2314 2420
f 2314 2421 2420
f 2314 2315 2421
f 2315 2422 2421
f 2315 2316 2422
f 2316 2423 2422
f 2316 2317 2423
f 2317 2424 2423
f 2317 2318 2424
f 2318 2425 2424
f 2318 2319 2425
f 2319 2426 2425
f 2319 2320 2426
f 2320 2427 2426
f 2320 2321 2427
f 2321 2428 2427
f 2321 2322 2428
f 2322 2429 2428
f 2322 2323 2429
f 2323 2430 2429
f 2323 2324 2430
f 2324 2431 2430
f 2324 2325 2431
f 2325 2432 2431
f 2325 2326 2432
f 2326 2433 2432
f 2326 2327 2433
f 2327 2434 2433
f 2327 2328 2434
f 2328 2435 2434
f 2328 2329 2435
f 2329 2436 2435
f 2329 2330 2436
f 2330 2437 2436
f 2330 2331 2437
f 2331 2438 2437
f 2331 2332 2438
f 2333 2440 2439
f 2333 2334 2440
f 2334 2441 2440
f 2334 2335 2441
f 2335 2442 2441
f 2335 2336 2442
f 2336 2443 2442
f 2336 2337 2443
f 2337 2444 2443
f 2337 2338 2444
f 2338 2445 2444
f 2338 2339 2445
f 2339 2446 2445
f 2339 2340 2446
f 2340 2447 2446
f 2340 2341 2447
f 2341 2448 2447
f 2341 2342 2448
f 2342 2449 2448
f 2342 2343 2449
f 2343 2450 2449
f 2343 2344 2450
f 2344 2451 2450
f 2344 2345 2451
f 2345 2452 2451
f 2345 2346 2452
f 2346 2453 2452
f 2346 2347 2453
f 2347 2454 2453
f 2347 2348 2454
f 2348 2455 2454
f 2348 2349 2455
f 2349 2456 2455
f 2349 2350 2456
f 2350 2457 2456
f 2350 2351 2457
f 2351 2458 2457
f 2351 2352 2458
f 2352 2459 2458
f 2352 2353 2459
f 2353 2460 2459
f 2353 2354 2460
f 2354 2461 2460
f 2354 2355 2461
f 2355 2462 2461
f 2355 2356 2462
f 2356 2463 2462
f 2356 2357 2463
f 2357 2464 2463
f 2357 2358 2464
f 2358 2465 2464
f 2358 2359 2465
f 2359 2466 2465
f 2359 2360 2466
f 2360 2467 2466
f 2360 2361 2467
f 2361 2468 2467
f 2361 2362 2468
f 2362 2469 2468
f 2362 2363 2469
f 2363 2470 2469
f 2363 2364 2470
f 2364 2471 2470
f 2364 2365 2471
f 2365 2472 2471
f 2365 2366 2472
f 2366 2473 2472
f 2366 2367 2473
f 2367 2474 2473
f 2367 2368 2474
f 2368 2475 2474
f 2368 2369 2475
f 2369 2476 2475
f 2369 2370 2476
f 2370 2477 2476
f 2370 2371 2477
f 2371 2478 2477
f 2371 2372 2478
f 2372 2479 2478
f 2372 2373 2479
f 2373 2480 2479
f 2373 2374 2480
f 2374 2481 2480
f 2374 2375 2481
f 2375 2482 2481
f 2375 2376 2482
f 2376 2483 2482
f 2376 2377 2483
f 2377 2484 2483
f 2377 2378 2484
f 2378 2485 2484
f 2378 2379 2485
f 2379 2486 2485
f 2379 2380 2486
f 2380 2487 2486
f 2380 2381 2487
f 2381 2488 2487
f 2381 2382 2488
f 2382 2489 2488
f 2382 2383 2489
f 2383 2490 2489
f 2383 2384 2490
f 2384 2491 2490
f 2384 2385 2491
f 2385 2492 2491
f 2385 2386 2492
f 2386 2493 2492
f 2386 2387 2493
f 2387 2494 2493
f 2387 2388 2494
f 2388 2495 2494
f 2388 2389 2495
f 2389 2496 2495
f 2389 2390 2496
f 2390 2497 2496
f 2390 2391 2497
f 2391 2498 2497
f 2391 2392 2498
f 2392 2499 2498
f 2392 2393 2499
f 2393 2500 2499
f 2393 2394 2500
f 2394 2501 2500
f 2394 2395 2501
f 2395 2502 2501
f 2395 2396 2502
f 2396 2503 2502
f 2396 2397 2503
f 2397 2504 2503
f 2397 2398 2504
f 2398 2505 2504
f 2398 2399 2505
f 2399 2506 2505
f 2399 2400 2506
f 2400 2507 2506
f 2400 2401 2507
f 2401 2508 2507
f 2401 2402 2508
f 2402 2509 2508
f 2402 2403 2509
f 2403 2510 2509
f 2403 2404 2510
f 2404 2511 2510
f 2404 2405 2511
f 2405 2512 2511
f 2405 2406 2512
f 2406 2513 2512
f 2406 2407 2513
f 2407 2514 2513
f 2407 2408 2514
f 2408 2515 2514
f 2408 2409 2515
f 2409 2516 2515
f 2409 2410 2516
f 2410 2517 2516
f 2410 2411 2517
f 2411 2518 2517
f 2411 2412 2518
f 2412 2519 2518
f 2412 2413 2519
f 2413 2520 2519
f 2413 2414 2520
f 2414 2521 2520
f 2414 2415 2521
f 2415 2522 2521
f 2415 2416 2522
f 2416 2523 2522
f 2416 2417 2523
f 2417 2524 2523
f 2417 2418 2524
f 2418 2525 2524
f 2418 2419 2525
f 2419 2526 2525
f 2419 2420 2526
f 2420 2527 2526
f 2420 2421 2527
f 2421 2528 2527
f 2421 2422 2528
f 2422 2529 2528
f 2422 2423 2529
f 2423 2530 2529
f 2423 2424 2530
f 2424 2531 2530
f 2424 2425 2531
f 2425 2532 2531
f 2425 2426 2532
f 2426 2533 2532
f 2426 2427 2533
f 2427 2534 2533
f 2427 2428 2534
f 2428 2535 2534
f 2428 2429 2535
f 2429 2536 2535
f 2429 2430 2536
f 2430 2537 2536
f 2430 2431 2537
f 2431 2538 2537
f 2431 2432 2538
f 2432 2539 2538
f 2432 2433 2539
f 2433 2540 2539
f 2433 2434 2540
f 2434 2541 2540
f 2434 2435 2541
f 2435 2542 2541
f 2435 2436 2542
f 2436 2543 2542
f 2436 2437 2543
f 2437 2544 2543
f 2437 2438 2544
f 2439 2546 2545
f 2439 2440 2546
f 2440 2547 2546
f 2440 2441 2547
f 2441 2548 2547
f 2441 2442 2548
f 2442 2549 2548
f 2442 2443 2549
f 2443 2550 2549
f 2443 2444 2550
f 2444 2551 2550
f 2444 2445 2551
f 2445 2552 2551
f 2445 2446 2552
f 2446 2553 2552
f 2446 2447 2553
f 2447 2554 2553
f 2447 2448 2554
f 2448 2555 2554
f 2448 2449 2555
f 2449 2556 2555
f 2449 2450 2556
f 2450 2557 2556
f 2450 2451 2557
f 2451 2558 2557
f 2451 2452 2558
f 2452 2559 2558
f 2452 2453 2559
f 2453 2560 2559
f 2453 2454 2560
f 2454 2561 2560
f 2454 2455 2561
f 2455 2562 2561
f 2455 2456 2562
f 2456 2563 2562
f 2456 2457 2563
f 2457 2564 2563
f 2457 2458 2564
f 2458 2565 2564
f 2458 2459 2565
f 2459 2566 2565
f 2459 2460 2566
f 2460 2567 2566
f 2460 2461 2567
f 2461 2568 2567
f 2461 2462 2568
f 2462 2569 2568
f 2462 2463 2569
f 2463 2570 2569
f 2463 2464 2570
f 2464 2571 2570
f 2464 2465 2571
f 2465 2572 2571
f 2465 2466 2572
f 2466 2573 2572
f 2466 2467 2573
f 2467 2574 2573
f 2467 2468 2574
f 2468 2575 2574
f 2468 2469 2575
f 2469 2576 2575
f 2469 2470 2576
f 2470 2577 2576
f 2470 2471 2577
f 2471 2578 2577
f 2471 2472 2578
f 2472 2579 2578
f 2472 2473 2579
f 2473 2580 2579
f 2473 2474 2580
f 2474 2581 2580
f 2474 2475 2581
f 2475 2582 2581
f 2475 2476 2582
f 2476 2583 2582
f 2476 2477 2583
f 2477 2584 2583
f 2477 2478 2584
f 2478 2585 2584
f 2478 2479 2585
f 2479 2586 2585
f 2479 2480 2586
f 2480 2587 2586
f 2480 2481 2587
f 2481 2588 2587
f 2481 2482 2588
f 2482 2589 2588
f 2482 2483 2589
f 2483 2590 2589
f 2483 2484 2590
f 2484 2591 2590
f 2484 2485 2591
f 2485 2592 2591
f 2485 2486 2592
f 2486 2593 2592
f 2486 2487 2593
f 2487 2594 2593
f 2487 2488 2594
f 2488 2595 2594
f 2488 2489 2595
f 2489 2596 2595
f 2489 2490 2596
f 2490 2597 2596
f 2490 2491 2597
f 2491 2598 2597
f 2491 2492 2598
f 2492 2599 2598
f 2492 2493 2599
f 2493 2600 2599
f 2493 2494 2600
f 2494 2601 2600
f 2494 2495 2601
f 2495 2602 2601
f 2495 2496 2602
f 2496 2603 2602
f 2496 2497 2603
f 2497 2604 2603
f 2497 2498 2604
f 2498 2605 2604
f 2498 2499 2605
f 2499 2606 2605
f 2499 2500 2606
f 2500 2607 2606
f 2500 2501 2607
f 2501 2608 2607
f 2501 2502 2608
f 2502 2609 2608
f 2502 2503 2609
f 2503 2610 2609
f 2503 2504 2610
f 2504 2611 2610
f 2504 2505 2611
f 2505 2612 2611
f 2505 2506 2612
f 2506 2613 2612
f 2506 2507 2613
f 2507 2614 2613
f 2507 2508 2614
f 2508 2615 2614
f 2508 2509 2615
f 2509 2616 2615
f 2509 2510 2616
f 2510 2617 2616
f 2510 2511 2617
f 2511 2618 2617
f 2511 2512 2618
f 2512 2619 2618
f 2512 2513 2619
f 2513 2620 2619
f 2513 2514 2620
f 2514 2621 2620
f 2514 2515 2621
f 2515 2622 2621
f 2515 2516 2622
f 2516 2623 2622
f 2516 2517 2623
f 2517 2624 2623
f 2517 2518 2624
f 2518 2625 2624
f 2518 2519 2625
f 2519 2626 2625
f 2519 2520 2626
f 2520 2627 2626
f 2520 2521 2627
f 2521 2628 2627
f 2521 2522 2628
f 2522 2629 2628
f 2522 2523 2629
f 2523 2630 2629
f 2523 2524 2630
f 2524 2631 2630
f 2524 2525 2631
f 2525 2632 2631
f 2525 2526 2632
f 2526 2633 2632
f 2526 2527 2633
f 2527 2634 2633
f 2527 2528 2634
f 2528 2635 2634
f 2528 2529 2635
f 2529 2636 2635
f 2529 2530 2636
f 2530 2637 2636
f 2530 2531 2637
f 2531 2638 2637
f 2531 2532 2638
f 2532 2639 2638
f 2532 2533 2639
f 2533 2640 2639
f 2533 2534 2640
f 2534 2641 2640
f 2534 2535 2641
f 2535 2642 2641
f 2535 2536 2642
f 2536 2643 2642
f 2536 2537 2643
f 2537 2644 2643
f 2537 2538 2644
f 2538 2645 2644
f 2538 2539 2645
f 2539 2646 2645
f 2539 2540 2646
f 2540 2647 2646
f 2540 2541 2647
f 2541 2648 2647
f 2541 2542 2648
f 2542 2649 2648
f 2542 2543 2649
f 2543 2650 2649
f 2543 2544 2650
f 2545 2652 2651
f 2545 2546 2652
f 2546 2653 2652
f 2546 2547 2653
f 2547 2654 2653
f 2547 2548 2654
f 2548 2655 2654
f 2548 2549 2655
f 2549 2656 2655
f 2549 2550 2656
f 2550 2657 2656
f 2550 2551 2657
f 2551 2658 2657
f 2551 2552 2658
f 2552 2659 2658
f 2552 2553 2659
f 2553 2660 2659
f 2553 2554 2660
f 2554 2661 2660
f 2554 2555 2661
f 2555 2662 2661
f 2555 2556 2662
f 2556 2663 2662
f 2556 2557 2663
f 2557 2664 2663
f 2557 2558 2664
f 2558 2665 2664
f 2558 2559 2665
f 2559 2666 2665
f 2559 2560 2666
f 2560 2667 2666
f 2560 2561 2667
f 2561 2668 2667
f 2561 2562 2668
f 2562 2669 2668
f 2562 2563 2669
f 2563 2670 2669
f 2563 2564 2670
f 2564 2671 2670
f 2564 2565 2671
f 2565 2672 2671
f 2565 2566 2672
f 2566 2673 2672
f 2566 2567 2673
f 2567 2674 2673
f 2567 2568 2674
f 2568 2675 2674
f 2568 2569 2675
f 2569 2676 2675
f 2569 2570 2676
f 2570 2677 2676
f 2570 2571 2677
f 2571 2678 2677
f 2571 2572 2678
f 2572 2679 2678
f 2572 2573 2679
f 2573 2680 2679
f 2573 2574 2680
f 2574 2681 2680
f 2574 2575 2681
f 2575 2682 2681
f 2575 2576 2682
f 2576 2683 2682
f 2576 2577 2683
f 2577 2684 2683
f 2577 2578 2684
f 2578 2685 2684
f 2578 2579 2685
f 2579 2686 2685
f 2579 2580 2686
f 2580 2687 2686
f 2580 2581 2687
f 2581 2688 2687
f 2581 2582 2688
f 2582 2689 2688
f 2582 2583 2689
f 2583 2690 2689
f 2583 2584 2690
f 2584 2691 2690
f 2584 2585 2691
f 2585 2692 2691
f 2585 2586 2692
f 2586 2693 2692
f 2586 2587 2693
f 2587 2694 2693
f 2587 2588 2694
f 2588 2695 2694
f 2588 2589 2695
f 2589 2696 2695
f 2589 2590 2696
f 2590 2697 2696
f 2590 2591 2697
f 2591 2698 2697
f 2591 2592 2698
f 2592 2699 2698
f 2592 2593 2699
f 2593 2700 2699
f 2593 2594 2700
f 2594 2701 2700
f 2594 2595 2701
f 2595 2702 2701
f 2595 2596 2702
f 2596 2703 2702
f 2596 2597 2703
f 2597 2704 2703
f 2597 2598 2704
f 2598 2705 2704
f 2598 2599 2705
f 2599 2706 2705
f 2599 2600 2706
f 2600 2707 2706
f 2600 2601 2707
f 2601 2708 2707
f 2601 2602 2708
f 2602 2709 2708
f 2602 2603 2709
f 2603 2710 2709
f 2603 2604 2710
f 2604 2711 2710
f 2604 2605 2711
f 2605 2712 2711
f 2605 2606 2712
f 2606 2713 2712
f 2606 2607 2713
f 2607 2714 2713
f 2607 2608 2714
f 2608 2715 2714
f 2608 2609 2715
f 2609 2716 2715
f 2609 2610 2716
f 2610 2717 2716
f 2610 2611 2717
f 2611 2718 2717
f 2611 2612 2718
f 2612 2719 2718
f 2612 2613 2719
f 2613 2720 2719
f 2613 2614 2720
f 2614 2721 2720
f 2614 2615 2721
f 2615 2722 2721
f 2615 2616 2722
f 2616 2723 2722
f 2616 2617 2723
f 2617 2724 2723
f 2617 2618 2724
f 2618 2725 2724
f 2618 2619 2725
f 2619 2726 2725
f 2619 2620 2726
f 2620 2727 2726
f 2620 2621 2727
f 2621 2728 2727
f 2621 2622 2728
f 2622 2729 2728
f 2622 2623 2729
f 2623 2730 2729
f 2623 2624 2730
f 2624 2731 2730
f 2624 2625 2731
f 2625 2732 2731
f 2625 2626 2732
f 2626 2733 2732
f 2626 2627 2733
f 2627 2734 2733
f 2627 2628 2734
f 2628 2735 2734
f 2628 2629 2735
f 2629 2736 2735
f 2629 2630 2736
f 2630 2737 2736
f 2630 2631 2737
f 2631 2738 2737
f 2631 2632 2738
f 2632 2739 2738
f 2632 2633 2739
f 2633 2740 2739
f 2633 2634 2740
f 2634 2741 2740
f 2634 2635 2741
f 2635 2742 2741
f 2635 2636 2742
f 2636 2743 2742
f 2636 2637 2743
f 2637 2744 2743
f 2637 2638 2744
f 2638 2745 2744
f 2638 2639 2745
f 2639 2746 2745
f 2639 2640 2746
f 2640 2747 2746
f 2640 2641 2747
f 2641 2748 2747
f 2641 2642 2748
f 2642 2749 2748
f 2642 2643 2749
f 2643 2750 2749
f 2643 2644 2750
f 2644 2751 2750
f 2644 2645 2751
f 2645 2752 2751
f 2645 2646 2752
f 2646 2753 2752
f 2646 2647 2753
f 2647 2754 2753
f 2647 2648 2754
f 2648 2755 2754
f 2648 2649 2755
f 2649 2756 2755
f 2649 2650 2756
